X,Y
1.045255493,0.332214007
0.801943896,-0.41154664
-0.749356416,0.775108281
0.975674003,0.191768078
-0.512187656,0.929997182
0.072061402,0.88049257
1.334069782,-0.496549001
0.192861952,-0.12427979
-0.266467142,0.985312207
1.671914151,-0.20790328
0.328207923,0.959019624
-0.133640631,0.908848647
0.037116643,0.403655001
1.058678489,0.319816654
0.645855168,-0.431291294
1.165984258,-0.476772405
-0.437717268,0.884249611
0.152204819,1.045126834
1.638685605,-0.308085265
0.393479855,-0.339916948
-0.881474632,0.444727784
1.262426399,-0.438565037
0.672910185,0.766686219
1.290726949,-0.470464633
0.029789361,0.353719075
-0.998874984,0.021616059
0.622456004,-0.388217091
-0.316413216,0.804631657
-1.068170693,0.06196236
0.892873972,0.414419644
-0.729953666,0.56680462
-0.427035358,0.891603579
1.904386352,0.207637875
0.085711814,0.304322716
0.000114804,1.08798815
1.014148115,0.005058701
-0.974587756,0.059438036
0.390869225,0.960950167
-0.951749066,0.296317208
1.427897287,-0.396158443
1.790099572,-0.135538721
0.077020592,0.413051567
0.085485085,-0.107122636
-0.664611233,0.675269415
0.851190487,0.202633151
-0.250378705,0.950861833
0.304506258,-0.274770675
1.09390536,-0.520028361
-0.301641824,0.988438534
-0.731422936,0.684966504
-0.81665757,0.426838908
-0.180261821,1.000271117
0.995072042,-0.585855495
-0.995025392,0.122116636
0.744119092,-0.501465015
-0.442724395,1.006397331
0.62256003,0.733343518
0.694938178,0.702742609
1.90980388,0.192821768
1.233760479,-0.488788981
0.839778531,0.510517937
1.955996231,0.461193646
1.039246752,0.190329744
0.353288871,0.950620085
-0.709093981,0.719226489
0.865491474,0.476792195
0.658037675,-0.493635943
0.533516403,0.744368301
-0.149092218,0.943412531
0.224676114,0.914987621
0.530265112,-0.452651629
0.776690316,-0.428264105
0.81022519,0.468070545
1.464727874,-0.370157723
0.810695427,-0.499757227
1.030657407,0.187015557
1.008381132,-0.481635197
1.58571852,-0.271212186
-0.00206185,0.461618157
0.315091806,-0.246922368
-0.926861531,0.344029579
-1.043642757,0.406315608
0.374561733,0.85941865
0.893061934,0.3736568
-0.239655255,0.938265415
-0.234480503,1.065857755
0.932785788,0.012645641
0.113750004,0.302232906
0.058320813,0.485064901
0.786637424,-0.456321448
1.449105431,-0.35033183
-0.988088785,0.26159953
0.875520104,0.337912845
0.37195253,0.918265994
0.002900431,0.492167671
0.769883009,-0.519543603
1.895574591,0.15402208
1.300710707,-0.443395547
0.298330083,0.864171811
0.589715681,0.799437029
0.048950721,0.365472367
0.264318889,0.955255017
0.007659617,0.529934896
0.078105534,0.347046624
-1.058012146,0.041458336
0.545775825,0.784386179
0.45537703,-0.410448001
0.998275016,0.187513483
1.771269247,-0.113893302
0.582856219,-0.444086913
1.308122674,-0.559745778
2.042559908,0.323211633
0.82278334,-0.529405822
1.951633559,0.058543245
1.984815534,0.409149349
-0.41075578,0.903467494
-1.015314064,0.202875095
1.657727771,-0.342689732
0.043471455,0.117400621
1.236785799,-0.586981985
0.939575531,0.333453765
0.115922019,0.077101315
0.243342247,-0.130896336
-0.757879298,0.657206126
0.795137141,0.69577285
-0.070615952,0.97869715
0.131809775,0.122000112
0.378979324,-0.285396548
0.07825902,0.160937184
0.953039599,0.228080995
0.60351558,-0.451909142
1.587970237,-0.374608057
0.654943387,-0.389989443
-0.108948861,1.040546194
-0.015634024,0.946121118
1.491146871,-0.345751188
0.593411634,-0.389057032
-0.708442864,0.699591637
0.929489978,0.418352714
1.001248927,0.111474723
0.178170568,1.006089336
-0.699290513,0.662404496
-0.077458433,0.986916885
-0.573781808,0.744654078
1.942055841,0.173586809
0.724312829,0.756286895
0.781837267,0.530390401
0.203157448,-0.125021298
0.587525375,0.85617267
0.924350207,-0.388286677
0.813937378,0.589965271
1.871790091,0.12328822
2.053525312,0.455739368
2.033416021,0.465321206
0.95175201,0.315618786
0.665997733,-0.395528328
0.393611087,-0.332338527
-1.049511202,0.167512109
2.013862572,0.351173917
1.904882029,-0.053809531
1.020874168,0.252012415
2.000262219,0.333466944
0.687218699,0.827141739
-0.808040057,0.648336948
1.708619017,-0.302584062
-0.562745556,0.774546216
0.231683493,0.045277421
-0.819786421,0.543073159
0.685118904,-0.396214573
1.947121153,0.533611972
1.201661885,-0.546239061
-0.048332728,1.021423517
0.294600761,0.963362712
1.611226384,-0.208330633
-0.523156516,0.874020776
1.37321379,-0.429325573
0.143501904,0.109511369
1.029994045,0.172515853
1.59320539,-0.252663207
0.056005558,0.121120693
-0.952708929,0.180022988
0.46093578,-0.273016491
-0.107667709,0.988988723
-0.083343078,0.9392152
0.853453931,0.575343646
-0.299280729,0.915804048
1.672116029,-0.227764233
0.758298961,-0.546844882
1.286377935,-0.465761937
-0.853659764,0.444915694
1.146288692,-0.557133701
1.726374575,-0.220040672
-0.06977309,0.449726487
1.881707736,0.066115317
-0.942364176,0.328555537
0.987146955,0.179226466
-0.766537361,0.586190271
0.841395009,-0.576186454
0.035998127,0.491639079
0.699185549,0.711550853
1.802697405,-0.110737108
-0.775596056,0.459228052
0.769122239,0.638704957
1.863567093,0.098221441
1.521179777,-0.419369975
1.885091261,-0.041519045
0.911249064,0.375143689
-0.251527775,0.939183383
0.057119521,0.396240834
1.019506942,0.212348663
1.226947216,-0.446127957
-0.190790644,0.906967429
-0.359970218,1.007096624
-0.699863476,0.624478564
-0.564771648,0.850120851
1.027101903,0.116301561
0.138135668,0.963104491
-0.78481318,0.582104364
0.154300327,0.008941535
-0.89832552,0.480414463
-0.003755825,0.261710267
0.924470997,0.312257146
-0.964556446,0.222844357
0.447404752,0.855951232
0.771171393,0.657607659
0.053747559,0.053048784
1.180633401,-0.523873093
1.479122651,-0.399597964
0.049421163,0.190156113
1.91327377,0.147416648
1.039898653,0.02760341
0.531599541,0.769443742
0.846889533,0.402554709
1.880088633,0.016859235
0.257789461,0.882056366
0.09901967,1.036981859
1.167102742,-0.457576808
-0.70290935,0.588119117
0.13331658,1.005397388
0.889562973,0.615335147
1.959479328,0.394810795
0.435147406,-0.393727534
1.52937491,-0.356522159
0.404227741,-0.300836272
0.252954102,1.048702734
-0.806495431,0.664754486
0.131589485,0.125775668
1.544230862,-0.320683388
1.689979696,-0.182534685
1.329742531,-0.453504293
0.933087314,-0.468644528
2.054365647,0.371940354
0.455923883,-0.312893523
-1.037970571,0.172559264
-0.856508099,0.517845332
0.40620093,-0.359888393
0.804194488,-0.470019984
0.463105676,-0.303240717
0.66382596,-0.613525717
0.934564207,0.094385572
0.849946656,0.464216373
-0.413983212,0.942711602
1.037097346,0.158098019
0.034178029,0.12794574
0.24262933,-0.138812735
0.84396886,-0.561935101
1.742986779,-0.220351881
-0.931758155,0.204025972
-0.17212547,1.028410874
2.011335663,0.134770839
-0.038024844,0.284149548
-0.836260603,0.551060776
1.787366455,-0.264590552
0.269516909,-0.253927581
1.981312812,0.279888671
0.984183586,0.137138058
-0.838051425,0.415703033
-0.976941877,0.199602097
-0.951364623,0.285558548
0.736065508,0.583633104
1.649344319,-0.168378973
0.157035762,0.925765272
0.577970046,0.690809647
0.080369622,0.511489652
-0.188229111,1.002054179
-0.268536562,1.027931388
0.966099227,0.191391981
0.282320192,-0.251796783
0.204392689,-0.0765781
0.908166028,-0.516353011
-0.268060287,0.994256132
-0.669502154,0.780141015
1.814722794,-0.023078213
0.176218307,-0.14478627
-0.938911774,0.062931149
-0.032084754,1.060295298
0.138515535,1.012338746
0.750010431,0.583512483
-0.042143708,0.404676727
-0.81020517,0.606276866
1.047567383,-0.572353945
0.35174326,-0.157869536
0.906061114,0.481529902
2.062195566,0.537813829
-0.716920318,0.696196494
0.646037784,0.776131803
1.549083113,-0.258812438
-0.983087638,0.240181895
0.928850667,-0.504160761
0.745175295,-0.460514629
-0.543472374,0.880541059
-0.466118071,0.91067258
0.949100491,0.202947347
0.179959969,-0.040262601
1.015435322,0.320440823
0.765078882,-0.473870279
-0.688296614,0.694341551
-1.052702642,0.109236058
-0.706691573,0.74709019
0.452796074,0.863986813
0.038797574,0.177102738
1.30847275,-0.391024993
-0.828579416,0.426417708
-0.124543975,0.89355199
0.669094282,0.843013774
-0.983580752,0.382132974
0.979691195,-0.536309424
1.898790943,0.01279743
-0.984690729,0.294374484
0.693585404,0.711619324
1.356766281,-0.466445333
0.063952119,0.176570464
1.5035305,-0.322056964
0.585358932,-0.458072105
0.916618355,0.5492927
0.97512185,0.13219111
-0.498125078,0.894961356
1.957060674,0.222704719
1.002933981,-0.442637453
0.434892392,0.927033176
1.92353215,0.143366355
1.634960824,-0.250056319
0.073667972,0.922892632
0.917941676,0.089594911
0.843111933,-0.464462343
0.145575609,-0.085553528
0.240010136,-0.183447704
0.284417329,-0.131734853
0.601373103,-0.340068775
1.970055152,0.219007924
0.512033934,0.954048327
0.25494346,1.031798501
1.899181427,0.042378297
0.65719625,0.795651577
0.204549245,1.017385742
0.395492163,1.003456759
0.997167032,-0.499065593
-0.876518158,0.469324396
-0.0475117,1.024841365
0.646997853,-0.408862593
0.879179646,-0.509533446
0.825811769,0.581557798
-0.628732955,0.726320926
1.724167015,-0.142127164
0.291488276,-0.257164854
-0.262529885,0.974309522
-0.168020893,1.036058641
0.111353781,1.002502088
0.149007825,0.140197824
0.300314481,-0.133365243
-0.015252343,0.09804754
1.105869968,-0.484242961
-0.851345392,0.538740618
0.715693438,0.774497276
-0.023050273,0.946769169
0.790898483,0.57233275
1.703663975,-0.163925977
0.755628188,-0.424168734
0.779430835,0.639335716
0.02196534,0.578502173
0.397111947,-0.312982161
1.885350887,0.140213794
1.740801063,-0.120034077
0.059959413,0.283080379
1.756475919,-0.187997433
-0.403614408,0.884225638
-0.89952915,0.68907306
2.0840396,0.516541269
0.975544839,0.282261964
0.473279583,0.930819621
0.086487053,0.186888415
0.981625236,0.044915698
-0.373827166,0.926849978
1.515495526,-0.340573648
0.675302239,0.739354255
-1.001373731,0.298730847
1.199152984,-0.440332623
-0.853666177,0.480662326
1.010369042,0.262372806
0.180941677,0.098243214
1.998632801,0.30710067
0.237950114,0.937483973
0.681593793,-0.416897015
-0.468531274,0.983475323
-1.004775396,0.356500421
1.355368952,-0.371305269
0.899947043,0.300896728
0.317410968,0.924503181
0.031811843,0.929884432
-0.86053082,0.427846656
0.858962831,-0.486856736
-0.48744974,0.921342765
0.871988351,-0.480094395
0.000135494,0.255464968
0.338174171,-0.284267935
0.100341259,0.076489175
1.714473633,-0.143056904
-0.864921348,0.56878694
-0.760080691,0.766712066
0.09751077,1.077946614
1.007720563,-0.490118143
0.099184652,0.997197843
0.977567233,0.32434495
0.126831851,0.219533133
1.983577441,0.253637747
0.043339606,0.229721574
1.333495377,-0.420607009
0.522875077,0.784156725
0.473526131,0.803918156
1.709142306,-0.238855241
-0.930397369,0.3399722
-0.380915254,0.915350275
1.905730004,-0.081585951
0.355866911,-0.215822093
1.677075164,-0.257879542
0.117067759,0.050796481
0.83461332,0.43107794
0.871977222,0.501864888
1.719341397,-0.08155269
0.324662271,-0.313035636
0.826037349,0.458744762
0.023355193,0.343243146
0.432320295,-0.289913974
-0.472865362,0.987960568
0.722064013,0.656505943
0.852860941,0.474855678
0.717468335,-0.491906495
1.73664638,-0.015475483
2.004575618,0.363405354
1.764018365,-0.284023837
0.926522615,0.318459002
0.177028505,0.032120451
-0.955257626,0.401891202
0.90751286,0.1105505
0.940228774,0.147677063
0.537587406,0.773480378
0.769728529,0.643948882
0.323200172,-0.234605012
1.078379681,-0.411170163
0.594246621,-0.492594625
0.988789125,-0.485170038
0.146387952,0.164425417
-0.858760419,0.405059105
1.336599547,-0.409732751
0.708400078,-0.393071892
-0.495972398,0.900542051
-0.479501526,0.876876905
0.427417766,0.886434945
0.022254296,0.246563634
-0.929110919,0.040035692
-0.522583163,0.772657657
1.916235893,-0.018817697
-0.948572364,0.164481025
-0.908915506,0.236866154
-0.227103002,0.99582347
0.497954879,0.805537107
1.211152617,-0.507207658
0.9673535,0.278797442
-0.211422531,0.983453624
1.459345942,-0.368691112
0.742951166,-0.576067875
1.388069023,-0.403955598
-0.326146773,0.884295614
0.428123372,-0.291832795
1.676564408,-0.344220432
-0.532650369,0.720790683
0.492905069,0.856214879
0.89639343,0.426002935
1.006805765,0.070142238
-0.930417237,0.575134173
-0.950165386,0.326165736
0.655937151,0.805505317
0.05416176,0.319483193
-0.971602552,0.261504252
0.643747803,0.812510069
0.970120705,0.168306228
0.961905277,-0.549275399
0.949547523,0.080036107
-0.989859007,-0.014654737
0.967902799,-0.552568457
1.959796367,0.211997751
0.236802104,0.972684541
1.004748152,0.085185859
-0.759334653,0.73024236
1.976246033,0.266490317
0.717464535,0.711783465
-0.581230724,0.883280602
-0.986541391,0.402382386
0.063500667,0.357138319
0.737689778,0.785529754
0.700946734,0.677275212
1.286895029,-0.565286937
1.267673281,-0.501512874
1.677955877,-0.222630585
0.874762664,-0.496989795
-0.233083562,0.941948498
0.839536974,-0.523307513
0.630970373,0.718381418
0.590651431,0.86931087
1.929599166,0.00807586
1.837316743,0.042597791
1.947448709,0.364749595
0.728672361,0.722765412
0.961747454,-0.422288015
-0.666374323,0.588167673
1.835057525,-0.062393237
-0.087286708,0.954649687
0.242856735,-0.12131676
-0.791508758,0.63905852
0.100694187,0.292783587
0.74318859,-0.4703875
0.485868167,-0.403788084
-0.008335168,1.054167678
1.168721665,-0.522026253
0.64041013,-0.440273693
-0.655797189,0.752851327
0.167438335,-0.033691463
0.935486519,0.070637493
1.08650419,-0.534201757
1.040721923,-0.031898232
-1.050932973,0.143764776
0.548261393,-0.425467072
1.17117786,-0.502138312
0.840906819,-0.526932564
0.562375356,-0.279921307
0.337054825,-0.348520239
1.945687008,0.238525922
0.360005214,0.827118742
1.347121988,-0.521559588
0.98071257,0.307454684
-0.994119557,0.081699502
0.763956527,0.662315642
0.224141299,0.996212213
0.061316043,1.020196082
1.539053503,-0.382669404
0.170743947,0.977573161
0.01614249,0.550584704
0.479429697,-0.385202486
2.004181606,0.237492524
0.424236232,-0.365034111
1.237966581,-0.427902224
0.116303409,0.089131289
-0.395860372,0.900149859
0.592057285,0.819298052
0.115037128,0.060312657
-0.831371363,0.646534563
-0.033933514,0.346777825
0.043974058,0.203812109
1.014992376,0.131461103
0.872294531,0.379094011
-0.71685801,0.679344715
0.102440368,0.248995976
1.314816576,-0.408208555
1.624460049,-0.289886413
0.91328368,0.338902657
-0.058478239,1.030832668
0.690961939,0.756071612
-0.770423596,0.58153051
-0.967415655,0.242918295
0.032454209,1.04297583
1.516249919,-0.436890895
2.011727521,0.402999876
0.57321741,0.748862048
0.807484818,-0.499123175
0.655094313,-0.462725638
-0.751439342,0.678884669
0.756595631,-0.449828479
-0.970025262,0.20366083
0.078303819,0.209178666
1.216642615,-0.479039215
1.509397913,-0.310535035
-0.611557485,0.727443802
-0.717399467,0.774454922
1.882370168,0.026409719
0.721178942,-0.498430651
0.447184836,-0.281409526
-0.328440985,1.055674536
0.88545447,-0.397496755
-0.126619112,0.970989802
0.281705647,0.995658631
1.410835257,-0.392774805
0.594921751,0.781288082
0.543754619,-0.436644756
1.242838098,-0.517402396
-0.179596278,0.975811439
1.987312083,0.51378938
1.453755254,-0.375996864
-0.709063928,0.805840571
1.946372766,0.064253269
-0.971218167,0.121851972
0.365073092,1.007063941
1.557947848,-0.299709444
-0.048772005,0.403537367
0.479699659,0.909999966
-0.527227596,0.819020571
1.850173393,0.000556278
0.135171247,0.004636066
-0.737807747,0.660542082
1.881429009,-0.080405814
0.781376782,0.60424916
0.979147952,0.115872704
1.989404014,0.123590105
1.38331736,-0.437798476
0.952129113,0.255165662
0.31926913,0.853825303
0.6166313,0.784165079
0.622872557,-0.336455413
1.148455794,-0.543789804
0.431081546,0.905274306
0.270207143,-0.128875382
1.98223363,0.575618075
0.518118552,0.84392697
0.983219526,0.166905597
0.334593819,-0.24265859
0.362220992,-0.261958984
0.322616109,0.947218019
0.780163644,0.599859661
-0.944340944,0.378825975
1.177158267,-0.493639423
1.048415487,0.013217534
0.330475023,0.990201846
-0.891629056,0.361784185
1.049436896,-0.531515451
0.519061306,0.884875132
0.09779769,0.401165369
-0.029635565,0.18335963
0.047608028,0.277862659
-0.865202693,0.479417233
-0.042608917,0.408158591
0.22634777,0.997007389
0.130342412,0.039118528
0.545486113,-0.432395618
0.173505981,0.084588969
1.240343772,-0.506009342
1.983279946,0.431954335
0.070188662,0.057679217
1.036760625,0.049165315
0.976831965,-0.488124061
1.923691435,-0.048655899
-1.028227994,0.199869962
0.431091925,0.863334538
1.952601815,0.203318748
0.209846956,0.004719095
1.227598287,-0.471325326
0.304889647,-0.229956616
0.875116683,0.461279901
1.284490011,-0.41091162
0.183398922,-0.05174409
1.496827702,-0.446563501
0.638169441,-0.515165872
0.424566578,-0.357975595
1.00030301,0.22149994
0.28643034,0.885115799
-1.056130388,-0.055070843
1.861305134,-0.047882627
-0.143653945,0.523079054
0.094503382,0.052497405
1.713479624,-0.232317569
1.87417283,0.053859407
2.098209842,0.378891425
0.522367579,0.867882374
2.088725264,0.27489938
1.584733218,-0.427973986
1.788613459,0.049754154
-0.785103487,0.532956329
0.601759865,0.725554622
0.268162681,0.861795221
-0.462621046,0.838315592
0.019717778,0.154915245
2.003580438,0.390640709
1.942861317,0.189482677
-0.711008556,0.617702616
0.744173753,-0.544448532
0.153206211,-0.004640747
-0.942723033,0.305417525
1.971713964,0.247851462
0.421872411,-0.419950959
0.255813494,0.915504657
0.621590394,-0.311656449
0.677287347,0.64364827
2.013868452,0.317524368
0.507206018,-0.356252223
-1.001219165,0.182091269
0.416297741,0.858145498
0.078498466,0.108764663
1.860232453,0.021503648
1.843035097,0.056557342
1.657589561,-0.251292568
-0.969796261,0.371367374
-0.985468638,0.387455023
-0.479506548,0.911984347
0.722322554,-0.489715971
-0.48662958,0.964007133
0.869181425,-0.52835896
-0.474658525,0.883287464
0.844070137,-0.436459487
-0.574814903,0.77099241
1.740696188,-0.177445232
-0.726654219,0.666687403
0.444156167,-0.327503853
0.2311881,0.000170109
0.234104319,-0.13371782
1.365221348,-0.404891833
0.84885004,0.416754404
0.982574455,0.440046849
1.849228088,-0.17578905
0.296527349,-0.188762226
0.909674649,-0.482304631
1.953191327,0.1723716
-1.017889762,0.17826147
0.517727478,0.867354873
0.0292386,0.237193723
0.794616882,0.638656448
-0.785713065,0.623165696
-0.816705501,0.620717744
0.212403987,0.999636129
-0.132078503,0.932435478
-0.879019952,0.406121386
-0.978108547,0.258091889
-0.002681525,1.046256329
0.902667128,0.163464836
-0.192234711,0.888930801
0.914361393,-0.58434092
1.606326579,-0.289640405
-0.813076843,0.444519188
-0.972137135,0.405928039
0.152335119,-0.163261257
1.37622331,-0.41496159
0.860780906,0.520637466
0.083666104,0.462681062
-0.768478109,0.70293869
1.88397317,0.263747216
0.762977078,-0.425559106
0.152353371,0.953753355
-0.932947598,0.417335586
-0.445406359,0.834261733
0.728061125,0.754318483
0.958657243,0.287534713
1.711279258,-0.135877542
1.611663874,-0.351671482
-0.141383021,0.970156516
-0.496979076,0.888597241
0.500007328,-0.338922377
-1.023398306,0.102137441
1.373798246,-0.406287844
1.468883889,-0.416402113
0.611135985,-0.451821533
-0.87795404,0.350589846
-0.90350461,0.37274399
0.120224417,0.261488986
-0.937091573,0.547200155
-0.189373217,0.98343814
0.040556574,0.98600875
1.801994927,-0.072958715
0.868431935,0.52681207
0.238685928,0.94716562
1.620364256,-0.300082465
0.284799533,0.938586151
1.609085778,-0.313963923
1.300497759,-0.42594627
0.247709534,-0.203112291
0.188258379,-0.20128524
-0.947302181,0.125718983
-0.815447021,0.426626785
0.812687727,0.456055635
0.729873182,0.601972448
2.03631598,0.192283533
-0.33705654,0.934891201
-0.296233108,0.848782745
0.472045015,0.82260725
0.002211218,0.339529095
1.648380258,-0.285326848
-0.958167627,0.337077596
0.958600912,0.225959533
0.896838077,-0.47708803
-0.904651136,0.269063914
0.6139513,0.754391463
2.000049493,0.394710245
-0.538965218,0.738499566
-0.048980327,1.037811715
0.679818781,-0.503667699
-1.026600268,0.307005368
0.593593778,-0.428965398
0.767595759,0.514904049
0.728382856,0.742246088
1.994003062,0.166156299
0.456018084,-0.268137695
-0.033083355,1.05526445
1.831024471,-0.214892607
0.070037356,0.310164859
0.559841943,0.983926303
-0.938924587,0.335752402
1.084005699,0.119253649
0.810662111,0.679036304
-0.770007689,0.669511426
0.68151587,-0.399990026
1.659007783,-0.218413713
-0.308669707,0.9082859
0.784015462,0.61808308
1.060358918,0.210409517
0.368164893,0.918641924
0.59398584,0.823494765
1.229784485,-0.394048938
0.851826154,0.315495999
1.29064652,-0.42029785
0.036942752,0.272102457
0.080586301,0.983493009
1.920977406,0.123566386
0.722312986,0.694448999
1.976199868,0.38931732
0.819295825,-0.537713233
1.213847103,-0.456898323
0.124591202,0.001856764
0.005781385,0.439404938
0.674177371,-0.542071215
-0.985125432,0.136496964
0.057026833,0.358308693
1.160277637,-0.485445108
0.032085014,0.328921997
-1.035361451,-0.051298149
1.280185705,-0.337785754
0.938568047,0.405771315
1.911601492,0.016085467
-0.174251488,1.082621091
0.466244889,0.82816268
-0.811181422,0.497667399
0.132169296,1.027128027
-0.492807052,0.868532858
0.448213224,0.929664977
0.370098906,0.988213326
-0.416661788,0.924658816
0.024510213,0.273264588
2.005289447,0.020281929
-0.877033304,0.45057058
-0.013663858,0.924386963
0.557871548,-0.251697301
0.015656099,0.289183948
0.311786701,-0.220601119
0.059219551,0.165468956
0.613421699,-0.276933984
0.700412767,-0.411016817
-1.000822701,0.045913846
0.313922863,0.947680147
0.923299418,0.215188922
-0.070315123,0.936831216
0.167912269,1.042902541
-0.99938008,0.079365762
1.729399035,-0.211729272
-0.844976209,0.388901574
0.088982838,0.171734559
1.59916157,-0.35434571
1.874924274,-0.016552727
0.041627708,0.956525702
0.400462145,-0.274162768
0.798332929,-0.474212911
-0.407644425,1.013449747
1.488092952,-0.329758353
1.193422024,-0.451514507
1.483222563,-0.407447444
0.937214492,0.241672812
0.073940055,0.272409424
0.988629488,0.303050402
-0.23483752,1.011881802
0.856089034,0.647750295
0.928912157,0.332783193
1.029473991,-0.024445217
0.792795457,0.587559409
1.59527319,-0.380917123
1.039642009,-0.555654068
0.02490545,0.219629284
1.496661265,-0.354059018
0.056719548,1.003521106
1.739948861,-0.12773483
0.126639094,0.95980823
1.593433055,-0.222041639
0.803935884,-0.457022442
-0.936246029,0.183563998
0.897697617,0.407754042
1.022588661,-0.012343236
-1.01906731,0.096825378
0.657568,0.828082695
1.975341729,0.295917393
1.76382216,-0.155992846
0.286195701,-0.192501035
1.806931871,-0.252593056
0.420838244,0.933960656
0.1147305,0.257083673
-0.63218002,0.810248385
0.636098193,0.815989467
0.728370998,0.593945793
-1.042118975,0.227761889
-0.885325897,0.381728288
0.513910712,0.905235681
-0.18677514,1.020570257
1.055431714,0.048029354
0.482554979,-0.434495483
0.152536006,-0.077452148
1.588603097,-0.351000797
0.078993899,0.040162685
1.935597522,0.461974429
1.54918384,-0.217226068
-0.999226423,0.456321193
-1.056485443,0.080355573
1.009676666,0.297235801
0.389989898,-0.320849242
0.077566928,0.320479373
0.651838496,-0.497562165
0.749710291,0.788119079
2.011555126,0.219895562
1.034693282,-0.555684644
0.953001173,0.250693628
0.374630105,-0.382311957
0.921023791,-0.538155314
-0.569722068,0.729436596
0.772075732,0.557404201
1.045910301,-0.514159956
0.083163012,-0.118521803
0.224229805,-0.139370847
0.374941929,0.878146306
0.706703105,0.662952551
-1.039120993,0.168416862
0.770555191,-0.513922383
-0.058677484,0.932758254
0.24536716,-0.196197854
0.020981177,1.010430623
0.056787586,0.390130111
0.894990304,0.415885004
0.746126817,0.491359586
1.770570648,-0.266641603
0.767846523,-0.489645722
-0.27807831,0.914817763
-0.038294616,0.254865109
1.101960203,-0.47557089
1.017768877,0.076844623
0.915579558,0.161755251
0.271137726,-0.173082507
0.03527954,-0.0536253
-0.974316318,0.187251639
0.863158476,0.455930126
0.468525694,0.791598363
1.959998502,0.04520012
0.674159114,-0.492862883
0.949074154,0.159774603
0.420623068,-0.221027027
0.612441359,-0.465173241
0.82665207,0.62307623
0.999597334,0.409182997
0.929036121,-0.43027808
-0.542453032,0.743924667
-0.001116104,0.377849748
-0.673917741,0.70235606
0.727173816,0.672774488
1.919391978,-0.018029082
0.953352214,0.523861307
0.365694702,-0.331380115
1.524972613,-0.311311029
-0.338560368,0.893282796
-0.854779374,0.462678945
0.466322364,-0.426851729
0.008111519,0.330200771
0.703335934,-0.484048224
0.756392091,-0.509495597
0.136476821,-0.254465433
0.514693311,-0.320759328
1.672489816,-0.273724743
-0.045280288,1.029495063
0.898441122,0.510442677
-0.626901057,0.815478432
0.208106928,1.012573403
-0.454590448,0.883849027
0.636589584,0.755468189
-0.605161729,0.769869913
1.745604858,-0.07956173
0.358491562,0.886226266
0.019461257,0.389302774
1.995039016,0.345302059
-0.534002852,0.799508783
-0.806081398,0.608587011
0.362767429,0.921238334
1.278959655,-0.373363246
0.937056126,0.537927881
0.821221549,0.479534903
-0.991922923,0.079390113
0.247329475,0.97149231
0.247896751,0.951232232
0.83234621,-0.51638501
1.793788979,-0.029063228
0.147893501,0.011405257
-0.870360391,0.592835062
0.066042171,1.036793824
-0.411211291,0.90628108
0.443310137,0.893497032
0.83389682,-0.49476385
1.956811847,0.04085591
1.98276526,0.323519185
1.551625103,-0.279917419
0.903958653,0.401163159
0.448287757,-0.342165676
1.539249528,-0.285378066
0.074579898,-0.038752956
1.776424537,-0.086877814
-0.891141304,0.512863485
-0.477411682,0.882541055
-0.774389409,0.482056464
-0.699019075,0.637363179
-0.881564174,0.501964777
0.006980812,1.094107407
-0.008940272,1.040776906
0.085246539,0.265459403
0.111362372,0.017438071
-0.130263194,1.004323074
1.727745257,-0.15975065
-0.585357987,0.853887545
-0.611998567,0.878996785
0.543831928,0.877879093
1.939005159,0.325564423
-0.997359159,0.099262994
0.360916931,-0.163839829
2.076674034,0.404800517
0.126825988,-0.061622058
1.559846557,-0.435107524
-0.409403734,0.896236674
0.758392554,-0.486099884
0.348517361,-0.377433596
1.086958452,-0.493341274
0.823316994,0.353796207
0.321388094,-0.219880894
-0.479057258,0.870571713
0.2103467,-0.034122223
-0.472777863,0.916447055
1.785004342,-0.256589906
1.380432444,-0.457066892
1.342817306,-0.439124247
2.009845911,0.397606258
-0.062637183,0.459182331
1.563290602,-0.355963638
0.097378521,-0.004535931
0.304101522,-0.256121814
0.821037779,0.56826729
-0.588397383,0.663089383
2.049501184,0.399816153
2.015515034,0.267359853
0.932275829,0.404185821
-0.671113529,0.670328812
-0.935555598,0.313776545
1.574822833,-0.297902253
1.674892465,-0.285233801
1.842028213,-0.04231485
0.919653137,0.240591713
0.559747687,-0.384306674
1.054164909,-0.49654411
1.973720814,0.248634097
1.741625954,-0.167076112
0.608980515,0.751419855
0.242941247,-0.200879217
1.694124332,-0.234024971
0.946877173,0.104721301
0.679887021,0.597268674
0.957073187,0.496937616
0.080440358,0.496095156
1.368626685,-0.383190694
0.086063641,0.9397147
0.824556407,0.659858005
0.242417885,0.882358949
0.399495047,0.893264252
0.196108869,0.009586763
0.15259798,1.006449408
0.320897782,0.988798977
-0.394468782,0.849145587
-0.928334158,0.481324759
1.014333147,-0.618260096
1.624809,-0.373633541
1.649449759,-0.183766021
1.99263342,0.092088149
-0.961593131,0.375790929
-0.830832212,0.626467328
1.268907979,-0.515551468
-0.748893627,0.677029289
0.691440236,-0.396145818
0.153319724,0.934218741
-0.827396083,0.630993356
-1.000789526,0.295759235
1.245647858,-0.463336146
-0.616388288,0.782951629
0.050952474,-0.068344118
-0.298291467,0.961224342
0.078807895,1.011596623
0.969381838,0.046476739
-0.957869797,0.007656366
-1.015183747,0.130708461
-0.874617249,0.481196889
0.218119767,0.917623319
0.783726012,0.647967547
1.186258317,-0.433979171
-0.944342329,0.170234122
1.394430731,-0.487676874
-0.514671585,0.926038698
0.68092398,0.545329139
1.565471333,-0.433841061
-0.712432424,0.743215873
0.919448853,0.196040161
2.019651545,0.350823653
0.913325307,-0.463131735
-0.886215095,0.65760938
-0.664400939,0.817039325
1.379321429,-0.383975938
0.09766803,0.245243306
2.009121767,0.324894654
0.005224735,0.368060349
-0.968851796,0.224183079
0.276168039,-0.081430355
-0.074197705,0.405272447
0.815991754,0.534208519
1.469024872,-0.355391017
1.35447622,-0.424230588
-0.017361461,0.448761579
0.898944566,-0.477536895
1.931227034,0.226849067
0.689312865,0.685648278
-0.424770671,0.922825799
1.930585826,0.347526318
1.601276727,-0.329871282
0.050391427,-0.000845011
1.373763038,-0.423757161
-1.00440061,0.256700596
-0.297704604,0.99276224
0.526757092,-0.228385642
0.036408479,0.336711768
0.278359776,0.927261524
-0.812230511,0.655055667
0.658933341,0.813889739
0.004047269,0.389412167
-0.677381591,0.685776398
0.722321746,0.673045216
-0.303898205,1.02757357
1.580725286,-0.318388896
-0.962606691,0.136411919
0.699691082,-0.494049795
0.157287564,0.966718082
0.764433913,0.641659854
0.617957833,0.782215165
0.420185605,-0.30093789
1.954533303,0.368012406
1.844389398,0.012390583
0.970055412,0.382912796
-0.635106572,0.740355964
1.956208821,0.26357406
0.016915574,0.435184255
1.031086003,-0.4337804
1.148564439,-0.516623373
0.936431499,0.338637242
1.9630169,0.321264855
1.792156665,-0.189215511
1.866253262,0.227047597
1.361926327,-0.501221213
0.827328557,0.451937907
0.582543303,-0.467132204
1.81846649,-0.12125122
0.495673732,-0.403615865
0.238613118,-0.052145106
0.46833039,0.946778062
-0.786911255,0.517709906
0.485575365,-0.27631073
0.857290484,-0.575246088
0.444742499,0.881364326
0.907166746,0.430738998
0.536601997,0.745315653
1.796453251,-0.158514508
0.44355473,-0.361719002
0.946701244,0.55596055
2.036673016,0.475599256
1.098806614,-0.483990114
0.014805264,0.991715835
1.392905309,-0.371714144
-0.571412884,0.828599652
0.828878249,0.603990432
0.321300636,-0.201502419
0.617179037,-0.416754563
0.121687866,0.002583765
0.645680893,-0.448319009
1.569181343,-0.425394066
1.809447861,-0.062298124
-0.612169243,0.813895633
0.755559127,-0.427208264
-0.671888094,0.7184519
0.138442837,0.103981124
1.320743197,-0.556731433
-0.631793064,0.784268951
-0.93754411,0.501444173
-0.320454998,0.919950252
2.030330845,0.240854896
1.651460105,-0.344746567
0.939996876,0.078913529
0.519361411,0.917825696
-1.070978403,0.155450342
0.532367963,-0.407859208
0.544636842,0.860385219
0.933776902,0.449074241
-0.548968833,0.91983427
0.0338739,0.08034058
1.072351947,-0.488777789
1.787465541,-0.154192951
-0.909347636,0.389433083
0.078573713,0.264814056
1.54489346,-0.421148868
2.016700805,0.538717017
0.902212537,0.387383363
0.781117312,0.633294301
0.21413617,-0.163626701
-1.04168433,0.034613244
0.978374422,-0.600864362
1.115638467,-0.516371336
0.535938636,0.920224722
-0.909390732,0.189975387
-0.011605219,0.929568553
0.67954746,0.837212047
1.889924741,0.203278803
1.781373605,0.022703246
2.007864524,0.450891965
-0.926125424,0.084316949
-0.007090461,0.347293096
0.073603282,0.381405028
-0.873140532,0.577432787
-0.974226665,0.273379673
-0.937934991,0.536715438
0.572451859,0.872005781
1.289394531,-0.480616347
0.248684632,-0.256063984
1.312936576,-0.32735293
1.972043855,0.479910802
0.882288797,0.447927452
1.342917379,-0.463258474
-0.261738134,0.949284673
1.049953978,-0.637313385
0.173755306,-0.193232412
0.898069176,0.468574844
-0.484068352,0.768276734
0.110357621,0.037907381
0.450498444,0.891295452
1.404225422,-0.494812171
0.811350647,-0.518313232
1.387604217,-0.348840215
1.547528046,-0.257985948
1.998510086,0.111355259
1.725925156,-0.117117353
1.330012364,-0.484081469
1.275509616,-0.479921077
0.177433084,-0.119347397
0.339057282,0.796497452
-0.862406362,0.43216923
0.447213752,0.845764715
1.890626209,-0.031386696
-0.006976907,0.149225628
1.944221594,0.414806034
1.775745539,-0.274245976
1.404761859,-0.444063447
0.922812736,-0.54057518
0.289582348,-0.203139691
0.581150747,0.751326275
-0.972420416,0.493313037
0.164135819,1.019873006
1.858368602,0.019613474
0.23204163,0.938467406
0.854060546,-0.56269298
1.708937716,-0.087661155
0.06317272,-0.026727468
0.955275636,0.050320573
-0.430560723,0.959691891
0.013848758,0.517709323
-0.856607582,0.484412189
1.520503345,-0.385302269
-0.311818682,0.922319942
0.150929232,0.17053597
1.570640283,-0.274609144
2.101067966,0.437684177
0.562538716,0.795866809
1.249407807,-0.372164438
0.955648514,0.170225776
-0.787083847,0.683571752
-0.965395926,-0.008758923
0.163411732,0.935334993
0.030514842,0.986872792
-0.921182489,0.413775892
0.253000321,-0.238242574
0.703429984,0.760654251
1.5858155,-0.315013643
1.894894725,-0.081551808
0.530853273,0.845199535
0.329489297,0.878202804
1.175865535,-0.501459587
0.278827766,-0.29068353
1.920665846,-0.055147405
-0.56430183,0.758380148
-0.261855462,1.052677562
-0.959619396,0.395842542
-0.980544451,0.144516902
-0.689328005,0.72849213
-0.026276244,1.045567994
0.406563576,-0.201809183
1.729007845,-0.208086155
1.980700152,0.085353449
0.28786096,-0.142960805
1.037765934,0.13182952
0.188527501,-0.058750184
-1.030517629,0.301161219
1.897768078,0.069463942
0.821085966,-0.443375619
0.752263,0.759834459
-0.364210619,0.94158288
0.957237571,0.027620105
0.882333313,-0.496359432
-0.877831079,0.552743438
1.852315362,0.038859925
-0.036761308,0.94164715
-0.905625125,0.278543126
-0.146069612,0.944483955
0.607286565,-0.422401385
1.459988579,-0.405019763
-0.102797054,1.060576089
-0.264052762,0.953491857
-0.910156274,0.519234815
0.030741317,-0.004735789
0.875223682,0.490975555
0.749305093,0.661354552
1.409930863,-0.379327472
1.036464446,-0.488434693
0.294730681,-0.154008911
0.006693578,1.0008841
-0.813456159,0.480948097
-0.565061322,0.817757604
0.406204771,-0.33842429
0.385741525,-0.247053372
1.539684197,-0.289577802
1.683386833,-0.213356305
1.874319728,-0.030407118
0.616619524,0.752296946
1.155879264,-0.406306178
1.675164689,-0.187996446
2.021882847,0.436334868
0.97071864,0.001514793
0.709037197,0.679529432
1.349901243,-0.452714342
1.071538022,-0.521704597
1.930505299,0.196817253
1.906665571,0.084125213
1.852946283,0.249017691
0.270475717,-0.28763766
1.90732966,0.400425508
0.574401021,0.837230317
0.244028136,-0.146991808
0.941365789,-0.482094137
0.367358424,-0.16282692
-0.061173236,0.99065469
1.074361247,-0.524884498
0.146102442,0.084914339
0.93075021,-0.449800572
0.554755891,-0.411475786
0.923328199,0.354764158
-0.301900737,0.867245166
0.8614592,0.384479548
0.321141015,-0.228838686
-0.458588181,0.889065381
0.343820963,-0.222650125
2.084388126,0.250902993
-0.086473177,0.973415952
-0.566934682,0.745770297
-0.475608085,0.843178097
-1.013402653,0.020121732
-0.853513862,0.287461378
0.662284441,0.721662013
-0.052128172,0.326558257
1.549753731,-0.287128744
1.788843498,-0.046829852
-0.958414022,0.389255068
1.881307965,-0.015657577
0.835773128,-0.446094322
1.006991887,0.12820214
0.798304122,0.583365356
0.904637773,0.519184597
1.393258609,-0.372633457
-1.075137497,0.254495262
0.668946513,0.739164817
0.428573424,0.854480045
0.754707058,0.74427339
0.400767587,0.946607677
0.842826083,0.563057941
0.27191824,-0.04785158
-0.24815988,0.913697102
-0.156089869,0.992894156
0.343591022,-0.22370594
0.874435401,-0.42829358
1.006738421,-0.447514652
0.13009032,0.032370237
-0.26178946,1.009218745
1.929571002,0.516271913
0.83932869,0.553190036
0.986484308,0.216149532
0.662970044,0.744402814
0.931283,-0.512634782
-0.965490569,-0.012828399
0.924153823,0.302678436
0.927077452,-0.563742699
1.977080315,0.171728022
-0.786561049,0.514454919
0.877335598,-0.494965547
-0.483563051,0.814924579
-0.063262567,0.399087736
1.855808134,-0.213753002
-0.641930109,0.764158656
1.897474744,0.09404262
0.554416014,-0.452522101
0.066992126,0.955225708
0.193633692,0.998769421
0.912016669,0.024870038
1.649587504,-0.278859239
0.457768516,0.834977804
-0.770591076,0.581383101
1.336994962,-0.43635714
0.037755779,0.967984599
0.435298458,0.911767363
-0.934613569,0.098578326
0.53958375,-0.351637435
0.698478903,0.644491543
-0.349026113,1.044713608
1.032109011,0.071298847
-0.339045993,0.891190343
1.26201799,-0.476360326
0.993328571,0.246917324
1.824111531,-0.111392546
0.920435013,-0.535919297
1.964897992,0.266409604
0.767102737,0.673112078
-0.684912219,0.6366493
1.537646878,-0.298881134
-0.420169374,0.854003136
1.525058898,-0.298650515
-0.245003427,1.024474513
0.768073783,-0.306026844
-0.415486552,0.863132931
-0.013399424,0.306646391
0.020610065,0.305050285
-0.720961749,0.698717684
1.974945172,0.412521727
2.049288048,0.324799034
1.779737532,-0.105861319
1.203109131,-0.455653634
0.974128671,0.227765023
0.601181669,0.869658805
-0.791876358,0.623312441
0.112501376,0.980473919
0.929447017,-0.400929066
0.179999165,0.978667398
-0.824809297,0.461415265
0.073561382,0.175947681
0.160958286,0.037732673
0.128559514,1.01639912
0.033211685,1.013407435
1.054559534,0.083953108
1.273100182,-0.470274621
0.349503323,-0.256566446
1.221947201,-0.416732627
1.871954233,0.223960811
-0.55791924,0.757205325
0.490539971,-0.281308653
1.921682796,0.05483413
2.009948544,0.318479891
-0.716909276,0.556889838
-0.890876324,0.599031019
-0.608602452,0.768913113
-0.908359204,0.016294337
-0.279343838,0.840788569
0.676387504,0.636516683
2.073982218,0.376506233
0.975958005,0.211718998
0.378660061,0.851153559
-0.925559966,0.428592624
-0.63597896,0.809510574
0.207750386,0.941908583
0.748000358,0.691883246
0.130760468,-0.006463752
-0.264198013,0.983893077
0.151319803,-0.165380208
1.785633961,-0.036044956
0.585459045,-0.377904776
0.593155224,0.836350694
1.961863065,0.440711375
0.621618959,-0.388624645
1.824377836,-0.057901233
0.29979511,-0.084352076
-0.734434183,0.699925818
1.443689082,-0.385914385
0.638717612,-0.416304407
1.04014818,0.157671118
0.731894828,0.764893653
1.890021808,0.171003389
0.320579371,-0.360181656
-0.970940156,0.159397133
0.192190404,1.035718505
0.988481441,0.342549054
0.387667677,-0.24659208
0.8250922,0.584439365
1.17162258,-0.46766563
1.132250743,-0.529101155
1.686531862,-0.217916678
1.526601022,-0.37561705
2.022722968,0.25163208
0.358966918,-0.308538627
0.195816088,0.024246444
0.58484365,0.767745183
0.333017697,1.001167053
0.360393245,0.860741535
0.151711532,-0.043021193
1.162960409,-0.535138453
0.12794102,1.04772922
-0.169160842,1.033598589
0.983429976,0.190876224
0.357838088,1.023519575
0.102774936,0.053538932
0.367139631,-0.268775834
0.652653951,0.77285486
0.903514951,0.500021586
-0.36676888,0.985215783
0.45890365,-0.356869898
-0.392635917,0.837764224
0.170598902,-0.01112211
0.457014392,0.839911111
-0.012551816,0.153595767
1.589928366,-0.34778401
-0.11513424,1.018913843
1.82210959,-0.073000584
-0.290576994,0.989125192
0.67916936,0.731268081
2.012259765,0.273951176
-0.814386479,0.635763574
0.675858996,-0.496758886
-0.725130156,0.63917931
0.963662798,-0.506053303
0.248941538,-0.036110703
0.125801528,-0.036959855
1.144155753,-0.472142075
0.122280585,-0.101066361
1.60590829,-0.319430824
0.924053835,-0.546106565
0.602708017,0.728681799
-0.409217739,0.936569669
0.949251491,-0.534551141
-0.060943713,0.403114922
-0.810321979,0.643907414
-1.022964763,0.062610123
1.003548652,-0.465187794
0.47613061,-0.412393105
-0.960062221,0.23524432
0.663290114,0.673919783
-0.932601621,0.193418677
0.812622012,-0.391552054
0.093424595,0.196234967
-0.000899459,0.040804517
2.061663929,0.42140046
1.156321472,0.096851443
-0.681590879,0.7183169
0.094588429,-0.051666575
1.952962183,0.249914335
-0.828533828,0.555752656
0.685560144,0.719045961
0.885608607,0.379616613
2.029736529,0.178437429
0.886990681,0.332036196
0.578686624,0.732013942
0.370854269,-0.40454147
1.78566447,0.028118361
0.326074422,-0.377319522
-1.072387874,0.050735501
1.108449944,-0.458392788
-0.286381418,0.924045645
0.207319635,-0.132474591
0.214772027,0.962390411
-0.683251824,0.701532137
1.921542156,0.302233759
0.995791949,0.027652936
-0.432263891,0.827924315
1.291627161,-0.497843901
1.800005389,-0.066198906
1.894210316,0.274666291
-0.96123168,0.154244768
0.780126504,0.506090954
0.448183661,-0.327557821
0.84097511,0.633296551
-0.013300334,0.199548502
-0.071105019,0.226105136
0.174408404,1.050091632
-0.665410311,0.724596328
0.810672607,0.510104081
-0.571645532,0.805711491
1.831810182,-0.030448038
0.924852568,0.340045214
0.055554948,0.322305226
1.061052071,0.281445692
0.613541168,-0.436364225
0.967739839,0.151772977
1.90124377,0.066576919
0.744421203,0.65750935
0.192645162,0.93844034
0.182672298,-0.167429478
1.415201577,-0.467068953
-0.314637258,0.919656574
0.290648897,-0.220456476
0.646360069,-0.273283192
0.918893771,-0.427236951
0.477628186,0.914326993
0.250638143,0.941810234
-0.019514537,0.442458394
-0.591209564,0.658083926
0.261306629,-0.084215556
-0.057172398,1.027512124
-0.395849418,0.947006478
0.002474984,1.034216823
1.926511673,0.480973353
-0.592338734,0.786253939
1.363015489,-0.436525024
0.07177843,0.006588533
0.576040789,-0.392385924
0.053859548,0.971873286
0.629118986,0.8044482
1.133835578,-0.479415183
0.040692744,1.046627866
0.00160642,0.259591011
1.68552367,-0.162029321
-0.065170251,0.232209975
0.914869166,0.227037645
0.702217004,-0.472140594
0.872755974,0.171861813
0.308447725,0.887392243
1.734604344,0.024509361
-0.116420695,0.908569013
0.029521297,0.170322718
-0.262607871,0.929421017
0.51376874,0.876996758
0.578954483,-0.336551552
-0.856677843,0.451235755
0.725468402,-0.413042662
0.486778446,0.838206
-0.110365833,0.949660807
1.005010462,0.174243392
0.219901419,-0.195107451
-0.747080115,0.54159341
1.423559504,-0.349210843
1.661257978,-0.195535376
1.72531257,-0.125369324
1.430397386,-0.339630187
0.052172927,0.332829676
0.976253541,0.140804379
0.158688668,1.092013114
1.118671016,-0.458776579
0.06125094,0.180685893
1.026270106,0.033981054
0.383746014,0.91591302
0.478343419,-0.422548933
1.025723718,0.183087741
-0.575534822,0.720453925
0.305977934,-0.162843133
-0.907459013,0.512559344
1.279339295,-0.485642177
0.5857191,0.790626957
-0.894212133,0.39793724
0.48658224,-0.332461004
1.684765961,-0.313405642
0.001581519,0.488308491
0.846888342,0.454434712
-0.619368241,0.831977735
1.541491487,-0.336097282
0.356366865,-0.233555342
0.869669791,0.415445765
1.760499712,0.095067253
0.376971483,-0.355614321
0.980329084,0.362467009
-0.312223609,0.909692903
1.334058823,-0.45599678
0.995507827,0.330092348
0.067230553,0.06084028
0.387556747,-0.242274237
0.29036713,0.943080897
0.999489422,0.360997626
0.197525201,0.994077461
0.245507388,-0.091952835
0.022990259,0.961417176
-0.357959289,0.927065962
1.97841917,0.484518065
0.944409977,0.153187048
1.529443648,-0.257886543
0.360390294,-0.225112047
1.932069947,0.209454337
1.013038408,0.299863997
0.981020161,0.408965732
-0.591623477,0.892367579
0.548007541,0.873644538
0.116205717,0.023901117
1.250644125,-0.492317511
1.510016921,-0.433452602
0.474116263,0.856794867
-0.543004991,0.798151351
-0.102738341,0.518783331
-1.006237209,0.413718546
-0.482345128,0.709492535
-0.732699713,0.618142927
-0.33737933,0.887380503
-0.657242272,0.750701613
0.073702693,1.058738089
-0.888759892,0.251908441
0.438384963,0.928980354
-0.928410041,0.188346076
0.256652576,-0.159054476
-1.023888703,0.109598293
-1.089422781,0.023564909
2.027939553,0.483161428
0.737292101,0.63121674
0.877627917,0.420417408
-0.042729179,0.192613374
-0.964106288,0.411729691
0.683495653,-0.418453617
-0.792131992,0.568199215
0.250609481,-0.222211401
-0.063913663,1.002795027
2.057308807,0.304161441
0.615106675,-0.399369065
0.046771451,0.168143814
0.221523591,0.9578522
-0.723916233,0.762320705
0.924573725,0.102997447
-0.369935667,0.915704949
-0.487307756,0.864365003
-0.010569427,0.976837777
1.921977179,0.067766896
1.130923883,-0.454112585
1.987256621,0.134559072
0.728940944,-0.46336876
0.960557921,0.100518861
-0.575116446,0.896485889
1.06847841,0.071581241
0.801317393,0.507621409
-0.554191684,0.861116947
-0.701864006,0.805218954
1.110588313,-0.491612056
-0.648536996,0.714175937
1.801283167,-0.003541215
1.645801863,-0.314798984
0.841679882,0.405537953
0.699756889,0.665420369
-0.941650571,0.077001745
1.843445623,0.071954131
0.000902033,0.533222372
-0.13400855,0.986600786
-0.457938134,0.893240158
-0.008667716,1.11407855
0.927141179,-0.549649695
-1.057807462,0.138626675
0.604959049,0.918973445
1.826028768,-0.047847607
-0.743492123,0.697050012
-0.009371381,0.367414099
1.839286436,-0.033689263
-0.60049595,0.840643093
0.06647698,0.353465392
0.976069904,0.311177299
-0.864763285,0.65000636
-0.573221309,0.791659519
0.044721989,0.430691782
1.863859041,0.028417374
0.774666155,0.520871466
0.55728712,-0.412767302
1.776124788,-0.065711747
-1.010374233,0.286906165
0.180315321,1.002573357
0.843470276,0.391933567
0.396121216,0.994668365
-0.403140843,0.872703502
0.074813552,0.153480324
-0.016241884,1.02168458
1.891993942,-0.028064607
0.281864599,-0.18899279
1.0581717,0.127962149
-0.563354256,0.85038828
0.062756268,0.395159895
0.961969176,0.042683586
1.030982391,-0.44851874
1.501163742,-0.383400778
-1.074587249,0.168846442
-1.025477999,0.324017943
0.928866372,0.21337226
0.791036304,0.515765362
0.921605108,-0.530686937
-0.849865432,0.559617934
-0.790464995,0.506655232
1.783756281,-0.058536864
0.270797761,0.932984647
-0.871675792,0.530943078
1.039275477,-0.517911236
0.806498558,-0.465082283
0.076596108,0.343767569
-0.894748783,0.091009028
0.181372929,-0.115363645
-0.916764664,0.508434069
0.355537466,0.866180425
1.976794301,0.23293142
0.693727726,0.708041646
0.370043943,-0.248598855
1.944134905,0.481235649
-0.933438429,0.342204943
0.031068246,0.969369435
-0.515371894,0.924595399
1.253393008,-0.458312959
1.973018026,0.38564854
1.210468797,-0.45959908
0.084022943,1.018560128
0.503140259,0.895998337
1.958282653,0.14995535
0.405987709,-0.232712329
1.531519861,-0.464697938
1.495692732,-0.308973787
0.260132351,-0.13475634
1.748889961,-0.130513187
0.655395172,-0.405999535
1.002958076,-0.001651313
0.489630407,-0.37566022
0.7920682,0.592100952
0.443729178,0.815812121
0.106538426,0.023154361
-0.156434135,1.037269915
0.074839209,1.046640783
-1.031872373,0.228143482
1.72635766,-0.131969932
0.472774,-0.403771408
-0.590031557,0.828956021
-0.026071416,0.524832302
0.200162878,0.966746675
0.139626406,0.024762445
1.474980037,-0.239490416
1.666804063,-0.167541884
2.017044932,0.438915808
0.336555882,0.90130284
1.839137619,-0.078143347
1.979868883,0.416171635
0.455449171,-0.38449773
0.70118002,-0.387000125
0.289161656,-0.217565646
1.957825153,0.26600964
0.204860812,-0.025507229
1.689377426,-0.061110841
1.966577685,0.493484745
-0.379004754,0.844849569
2.001820267,0.146827971
1.392477738,-0.26197674
0.210327372,0.879371733
-0.001056446,1.043390369
0.073596213,0.297916518
0.599565947,0.747936354
-0.603344205,0.798510008
0.311983177,-0.206938014
0.663226936,0.849328929
-1.085716615,0.010445598
1.477049472,-0.404014642
0.71860486,0.60617062
1.778597949,-0.068610045
-1.046827428,0.234618795
0.333062187,0.889668845
-1.004231741,0.271621288
1.298948923,-0.450658173
1.238257752,-0.46122704
1.157472646,-0.454726789
1.968097686,0.13594505
1.782047343,-0.125601758
-0.762190433,0.665384508
0.228214008,-0.261300836
1.738955619,0.043317171
-1.006982253,0.068636761
1.807147711,-0.037891295
-1.026113007,-0.006275842
1.980710416,0.31435379
0.139472509,0.105935681
0.301900228,-0.211789355
1.665355016,-0.271740263
-0.344335733,0.898687868
-0.863270871,0.365618486
-0.096132056,1.05534633
0.058174997,0.143512158
0.126926845,-0.076222112
1.959012954,-0.030898723
0.898605267,-0.489951101
-0.784279908,0.714831683
0.118453492,-0.06146604
-0.154240664,0.980302275
1.110913993,-0.521857754
-0.533315729,0.668424732
0.601001427,-0.399941913
-0.83518144,0.569237589
1.608360729,-0.336352349
0.060077985,0.985812716
0.068530229,0.980043591
1.731390552,-0.226261257
-0.059154946,0.945994763
0.94581322,-0.485291449
0.790423547,-0.408067806
0.045420268,0.337978657
-0.476318549,1.00529192
0.627643461,0.817651219
-0.080675208,0.989547105
-0.382740292,0.930234114
0.202306148,0.984380538
1.212722763,-0.579337355
1.97430464,0.360908855
1.895835833,0.017600595
0.155981955,-0.029012849
1.419780691,-0.296269126
-0.691799009,0.738622276
0.255440832,-0.147964224
2.028783587,0.488881142
1.977019667,0.316455498
0.837343996,0.422896844
0.465409508,0.855204559
-1.036329295,0.385580008
-0.712370512,0.55209076
0.585962132,-0.407822802
-0.140513768,0.945331455
-0.157432153,0.979624204
-0.883286739,0.507487938
-0.96549671,0.416870443
0.933320409,0.064504758
0.862119641,-0.484077186
0.022189118,0.3432461
1.836357398,-0.076474635
0.216871902,0.992993736
1.83169462,0.063597802
0.504068536,-0.422845358
-0.041408851,1.005419945
1.003027824,0.077655797
1.732784165,-0.073584247
1.168648641,-0.387894477
1.604802782,-0.204634961
-0.935381896,0.483987618
1.824766673,-0.148444276
-0.803356362,0.713697253
-0.781439818,0.518318051
1.59150898,-0.27664702
1.05145172,-0.502699822
0.973161267,0.442655783
-0.472280858,0.809881431
-0.2367615,1.082080128
0.068146075,0.070026861
0.519221258,-0.283919003
0.302328155,-0.170259517
1.93804209,0.223831596
0.302010205,0.886226919
-0.881470991,0.478662232
0.58139747,0.760400201
1.986011897,0.24619721
-0.128258145,0.314660691
0.067559173,0.165919097
0.061510931,0.148965126
0.148008816,0.124636824
-1.082000076,0.074965337
1.944626802,0.505170092
-0.194267344,0.961286021
0.097169769,0.963690747
0.76919647,-0.499293579
-0.748210165,0.561051634
1.916459348,0.10531402
0.814553594,-0.395383908
-0.380775012,0.96428304
-0.909425927,0.33573042
1.856986864,-0.013181499
1.017800946,-0.462923907
-0.267824051,0.935695521
1.890918633,0.257348312
-0.133572054,0.998072929
0.313523702,0.979189123
-0.993222749,-0.012483317
-1.028311839,0.254105113
1.780446505,-0.155536373
-0.715308863,0.701604503
-0.069776274,0.371529753
-0.933608943,0.255212606
