,X,Y
0,1.04525549320104,0.33221400729071443
1,0.8019438960289188,-0.4115466402245813
2,-0.7493564159514572,0.7751082810251598
3,0.975674002559519,0.1917680782891939
4,-0.5121876556261542,0.9299971815686906
5,0.07206140150637594,0.8804925695806641
6,1.3340697817157898,-0.4965490009716492
7,0.19286195197062647,-0.12427978977483885
8,-0.2664671416708205,0.985312207089496
9,1.6719141505769823,-0.20790327997135552
10,0.3282079230157861,0.9590196235211458
11,-0.13364063138857316,0.9088486473746177
12,0.037116643209383834,0.403655000907356
13,1.058678489042204,0.31981665442906493
14,0.6458551680318017,-0.43129129363290686
15,1.165984257689665,-0.47677240547707844
16,-0.43771726831290336,0.8842496105773173
17,0.1522048190046268,1.0451268342736406
18,1.638685604945719,-0.3080852645280554
19,0.39347985541639585,-0.3399169477991994
20,-0.8814746323972054,0.44472778382250544
21,1.2624263989392441,-0.43856503725520235
22,0.6729101852109836,0.7666862191232898
23,1.2907269488550133,-0.4704646331538417
24,0.02978936135585173,0.3537190751158986
25,-0.9988749841436831,0.02161605943372094
26,0.6224560038663061,-0.3882170905940566
27,-0.31641321582231174,0.8046316568248343
28,-1.06817069324949,0.06196235999243334
29,0.8928739721206044,0.4144196436900177
30,-0.7299536657108388,0.5668046200631415
31,-0.42703535771693774,0.8916035791183089
32,1.9043863523414943,0.20763787508359077
33,0.08571181423313234,0.3043227162506127
34,0.00011480430128178731,1.0879881499946529
35,1.0141481151546292,0.005058701376599931
36,-0.9745877559090218,0.0594380363857242
37,0.39086922454407896,0.9609501672201687
38,-0.951749065588458,0.2963172075924824
39,1.427897286521415,-0.39615844256005783
40,1.7900995715918158,-0.13553872061294175
41,0.0770205917345295,0.41305156699378187
42,0.08548508455770631,-0.10712263624335674
43,-0.6646112332920027,0.6752694154883876
44,0.8511904874934768,0.20263315082515723
45,-0.2503787050626754,0.9508618325314977
46,0.3045062583060145,-0.2747706748537991
47,1.0939053596716861,-0.5200283608225632
48,-0.30164182428743064,0.9884385338092647
49,-0.7314229358951756,0.6849665039317813
50,-0.8166575699969763,0.42683890837543464
51,-0.18026182105110572,1.000271116754087
52,0.9950720418095869,-0.5858554950422072
53,-0.9950253919133079,0.12211663590933516
54,0.7441190924948569,-0.5014650152543225
55,-0.44272439548718423,1.0063973306653127
56,0.6225600295110884,0.7333435183691841
57,0.694938177870901,0.7027426094677662
58,1.9098038800374615,0.19282176765577386
59,1.2337604793207013,-0.4887889810302963
60,0.8397785314629824,0.5105179370835399
61,1.9559962307027778,0.46119364607330876
62,1.039246752039628,0.19032974431153113
63,0.35328887060307873,0.9506200850525838
64,-0.709093981229639,0.7192264892529687
65,0.8654914742754505,0.4767921954893042
66,0.6580376749348388,-0.4936359432745216
67,0.5335164033890797,0.744368301173216
68,-0.14909221849300125,0.9434125308141285
69,0.2246761136387993,0.914987621351756
70,0.5302651123632245,-0.45265162923479363
71,0.7766903157348841,-0.4282641054486347
72,0.8102251904972207,0.4680705450936008
73,1.4647278738683798,-0.3701577229950468
74,0.8106954271597724,-0.499757227091372
75,1.0306574072610295,0.18701555707056025
76,1.00838113238583,-0.4816351969030216
77,1.5857185198644022,-0.27121218590301444
78,-0.002061849840779154,0.4616181568864006
79,0.3150918058011053,-0.2469223677553018
80,-0.9268615314771014,0.344029579201367
81,-1.0436427568182107,0.40631560839865855
82,0.3745617326336002,0.8594186496559522
83,0.8930619343470017,0.37365679997309675
84,-0.23965525472523516,0.9382654153731242
85,-0.23448050321348757,1.065857754618728
86,0.9327857882446595,0.012645641335090198
87,0.1137500042920191,0.3022329060184468
88,0.0583208127896127,0.4850649010587293
89,0.7866374242208356,-0.45632144807482194
90,1.4491054313776708,-0.3503318304265895
91,-0.9880887852363577,0.2615995304544451
92,0.8755201041393104,0.3379128454987362
93,0.3719525297334982,0.9182659940045894
94,0.0029004306724008462,0.4921676708361671
95,0.7698830094248896,-0.5195436032451103
96,1.8955745914642763,0.15402208023372363
97,1.3007107067701775,-0.443395547315923
98,0.29833008334236044,0.8641718109486486
99,0.5897156810007916,0.7994370286802854
100,0.0489507207576264,0.3654723668016569
101,0.2643188888418099,0.9552550173445867
102,0.00765961741520011,0.5299348956198692
103,0.07810553427322538,0.347046624153803
104,-1.0580121459884353,0.04145833619192755
105,0.5457758250640733,0.784386178802884
106,0.45537703033816107,-0.41044800059442205
107,0.998275015748882,0.18751348338716992
108,1.7712692470185625,-0.11389330212973141
109,0.5828562193511062,-0.44408691280106277
110,1.3081226736133118,-0.5597457778619124
111,2.0425599083088355,0.32321163276343656
112,0.8227833395813844,-0.5294058223159516
113,1.9516335590197074,0.05854324543226798
114,1.9848155336913107,0.40914934913380446
115,-0.4107557803750684,0.9034674944043921
116,-1.0153140640165321,0.20287509464436237
117,1.657727770806049,-0.34268973155241095
118,0.04347145476300242,0.1174006205731481
119,1.2367857985634514,-0.5869819848624043
120,0.9395755312638544,0.33345376503400714
121,0.11592201863896942,0.07710131492317877
122,0.2433422471157669,-0.13089633638899167
123,-0.757879297751089,0.6572061257143602
124,0.7951371407800997,0.6957728501031429
125,-0.07061595231820453,0.9786971495034882
126,0.13180977514483705,0.12200011153031887
127,0.3789793240962443,-0.28539654759638555
128,0.07825901965836238,0.16093718403382629
129,0.9530395993000456,0.22808099473726806
130,0.6035155796141599,-0.45190914225860274
131,1.5879702369779125,-0.3746080572142616
132,0.6549433868650157,-0.3899894428974893
133,-0.1089488605469215,1.0405461943082253
134,-0.01563402430195575,0.9461211176173123
135,1.491146871423631,-0.34575118842434666
136,0.593411633570348,-0.3890570317641692
137,-0.7084428640436693,0.6995916368953075
138,0.9294899778386637,0.4183527143017585
139,1.001248926874546,0.11147472305420217
140,0.17817056777001072,1.0060893361891363
141,-0.6992905127022361,0.6624044957872547
142,-0.07745843314004093,0.9869168848739942
143,-0.5737818076175614,0.7446540778321784
144,1.9420558406941804,0.17358680874317658
145,0.7243128291088694,0.7562868952411202
146,0.7818372673742184,0.5303904010582692
147,0.20315744789305099,-0.1250212983025039
148,0.5875253754446352,0.8561726698675933
149,0.9243502071075791,-0.38828667670187195
150,0.8139373778793836,0.589965271444676
151,1.8717900911396053,0.12328821983026444
152,2.0535253120262245,0.4557393678369934
153,2.0334160206442333,0.4653212061916275
154,0.9517520104580098,0.3156187859336968
155,0.6659977327670443,-0.39552832790828424
156,0.39361108714591714,-0.33233852680634324
157,-1.0495112018433819,0.16751210917440723
158,2.013862572018003,0.3511739168468825
159,1.9048820287555412,-0.053809530520721294
160,1.0208741680652524,0.2520124153292496
161,2.0002622187147736,0.3334669437738292
162,0.6872186987081823,0.8271417394881662
163,-0.8080400572075945,0.6483369480555164
164,1.708619017285942,-0.3025840623000702
165,-0.5627455555677988,0.7745462161623288
166,0.23168349329898508,0.04527742098653657
167,-0.8197864211038292,0.5430731590383411
168,0.6851189039892606,-0.3962145730020162
169,1.9471211531607138,0.5336119717220903
170,1.2016618847323306,-0.5462390612516361
171,-0.048332727861171196,1.0214235171943524
172,0.29460076140809277,0.9633627124330915
173,1.6112263844877208,-0.20833063329661933
174,-0.5231565159957289,0.8740207756490177
175,1.3732137902037316,-0.42932557334148314
176,0.1435019042432866,0.1095113692233377
177,1.0299940452926188,0.1725158525013017
178,1.593205389824646,-0.2526632068149808
179,0.05600555800369262,0.12112069345018901
180,-0.9527089294601967,0.18002298806220718
181,0.46093577996264173,-0.27301649149307444
182,-0.10766770876916314,0.9889887232004857
183,-0.08334307750073566,0.9392151995328841
184,0.8534539309017055,0.5753436459904329
185,-0.29928072919452353,0.9158040478998956
186,1.6721160290453942,-0.227764233457421
187,0.758298960760347,-0.546844881548228
188,1.2863779345324002,-0.4657619366657157
189,-0.8536597637761196,0.4449156941334343
190,1.1462886921619861,-0.5571337013825578
191,1.7263745753992472,-0.22004067223838147
192,-0.06977309019677942,0.44972648749923233
193,1.881707736446131,0.0661153167816678
194,-0.9423641763331808,0.32855553704805013
195,0.9871469547290506,0.17922646606641576
196,-0.7665373614875082,0.5861902709667149
197,0.8413950088513114,-0.5761864541764288
198,0.035998126844782645,0.49163907851367805
199,0.6991855492931986,0.7115508530071738
200,1.8026974048248379,-0.11073710821698413
201,-0.7755960556802646,0.4592280522171062
202,0.7691222385265197,0.6387049569118267
203,1.8635670932245427,0.09822144148629561
204,1.5211797773915618,-0.4193699749770952
205,1.8850912612156254,-0.04151904450196707
206,0.9112490644717314,0.37514368862131825
207,-0.2515277747068815,0.939183382761191
208,0.05711952080235183,0.3962408340758831
209,1.0195069417064815,0.2123486630423632
210,1.2269472155799626,-0.4461279567418868
211,-0.19079064352953826,0.9069674290881203
212,-0.3599702183948627,1.007096623759198
213,-0.6998634759650815,0.6244785635343119
214,-0.564771648158324,0.8501208511356956
215,1.0271019031846476,0.11630156108940094
216,0.13813566803086466,0.9631044907674882
217,-0.7848131796599215,0.5821043644556673
218,0.15430032720622172,0.008941535374031834
219,-0.8983255195954749,0.4804144630821499
220,-0.0037558253538515635,0.26171026692156474
221,0.924470997309123,0.3122571455091008
222,-0.9645564458211827,0.22284435659926072
223,0.4474047518313982,0.8559512318446171
224,0.7711713926530295,0.6576076589576769
225,0.05374755863587953,0.0530487844652905
226,1.1806334006597188,-0.5238730926514834
227,1.479122651069295,-0.39959796438754014
228,0.04942116300684844,0.19015611308235708
229,1.913273769609286,0.1474166480168894
230,1.0398986532706216,0.02760340996008004
231,0.5315995407196226,0.7694437423073726
232,0.846889532973493,0.4025547087189623
233,1.8800886331865638,0.016859234635916917
234,0.25778946095282096,0.8820563658134777
235,0.09901966955699032,1.0369818588752056
236,1.167102741520992,-0.45757680755158386
237,-0.702909350373944,0.5881191171265407
238,0.13331658013685663,1.005397387883879
239,0.8895629725922042,0.6153351466189273
240,1.9594793282628962,0.3948107949384377
241,0.43514740624141635,-0.3937275344670765
242,1.5293749097035534,-0.35652215931432274
243,0.40422774057561983,-0.30083627216518216
244,0.25295410247301015,1.048702733710461
245,-0.806495431495113,0.6647544863610553
246,0.1315894850316311,0.1257756678446418
247,1.5442308624789307,-0.32068338823399645
248,1.6899796957805264,-0.18253468464054023
249,1.3297425305831878,-0.4535042933443797
250,0.9330873141941626,-0.46864452847450944
251,2.054365646581035,0.37194035396550346
252,0.45592388299665026,-0.3128935231343456
253,-1.03797057071683,0.17255926393123816
254,-0.8565080988812366,0.5178453323316523
255,0.4062009295559897,-0.35988839348366836
256,0.8041944883352695,-0.4700199838317851
257,0.46310567559378385,-0.3032407172635438
258,0.6638259600880861,-0.6135257168969761
259,0.9345642067460852,0.09438557206942413
260,0.84994665577885,0.46421637263492616
261,-0.41398321223606993,0.9427116015292308
262,1.0370973461829567,0.158098018889068
263,0.03417802949551252,0.1279457400576145
264,0.24262932956552774,-0.138812734916397
265,0.8439688602285947,-0.5619351010350566
266,1.7429867789795959,-0.2203518813686463
267,-0.9317581548613234,0.20402597173321338
268,-0.17212546954229863,1.028410874346505
269,2.0113356627081376,0.13477083930766443
270,-0.03802484353467121,0.2841495476958542
271,-0.8362606033262204,0.5510607757207371
272,1.7873664552479203,-0.26459055227428285
273,0.26951690928125976,-0.2539275814971027
274,1.9813128118488106,0.2798886706582433
275,0.9841835860450479,0.137138058461294
276,-0.8380514246970834,0.41570303250236845
277,-0.9769418766748817,0.19960209650445396
278,-0.9513646233855171,0.28555854785408213
279,0.7360655079002048,0.5836331040725118
280,1.6493443190136792,-0.16837897283777462
281,0.15703576154211513,0.9257652719404357
282,0.5779700463057823,0.6908096467503495
283,0.08036962180155184,0.511489651554374
284,-0.18822911140733092,1.002054178792915
285,-0.2685365617808752,1.027931388452128
286,0.9660992266917261,0.191391981013542
287,0.2823201918395746,-0.2517967833080549
288,0.20439268939453395,-0.07657810020396782
289,0.9081660281625847,-0.5163530106211376
290,-0.2680602870941823,0.994256131537661
291,-0.6695021538888848,0.7801410145603614
292,1.8147227942986945,-0.02307821322708653
293,0.17621830685949488,-0.1447862697635146
294,-0.9389117740668447,0.06293114908486414
295,-0.032084754190192626,1.0602952980220275
296,0.13851553490815016,1.012338745955758
297,0.7500104308378747,0.5835124828182445
298,-0.04214370839746454,0.4046767271519395
299,-0.8102051702981232,0.606276865804803
300,1.0475673825343303,-0.572353945134673
301,0.3517432596582485,-0.1578695355386959
302,0.9060611142041919,0.4815299016072099
303,2.0621955658412006,0.5378138294484573
304,-0.7169203176989702,0.6961964943428768
305,0.6460377842611997,0.77613180307831
306,1.5490831129742622,-0.2588124377231972
307,-0.983087637866933,0.2401818948877026
308,0.9288506671226717,-0.5041607610109693
309,0.745175294766924,-0.46051462857007025
310,-0.5434723744321477,0.8805410585050318
311,-0.4661180714922887,0.9106725799027461
312,0.9491004911328828,0.20294734705852885
313,0.17995996856040267,-0.040262600945718284
314,1.0154353221463914,0.3204408225932484
315,0.7650788820598404,-0.47387027878302374
316,-0.6882966141307468,0.6943415507368585
317,-1.0527026416685445,0.10923605801065671
318,-0.7066915733453214,0.7470901902088768
319,0.4527960738717957,0.863986813023667
320,0.03879757446494791,0.17710273802173634
321,1.3084727497301953,-0.39102499261163887
322,-0.8285794163594251,0.42641770771728604
323,-0.12454397469065516,0.8935519898461788
324,0.6690942816940836,0.8430137741894829
325,-0.9835807516177457,0.3821329741356116
326,0.9796911945973276,-0.536309424398468
327,1.8987909429940821,0.012797429893811496
328,-0.984690728746055,0.2943744835504259
329,0.6935854038968653,0.7116193236183143
330,1.3567662814527466,-0.4664453325593002
331,0.06395211906848597,0.17657046372836524
332,1.5035304998207326,-0.32205696394235606
333,0.58535893242551,-0.45807210536164406
334,0.9166183549780401,0.5492927003390539
335,0.9751218503920571,0.13219111003947007
336,-0.49812507792877747,0.8949613558892485
337,1.9570606744816053,0.2227047191983367
338,1.0029339813053038,-0.4426374527808732
339,0.4348923921576708,0.927033175595488
340,1.923532149748061,0.1433663553335058
341,1.634960823824482,-0.2500563187473673
342,0.07366797243384954,0.9228926324858503
343,0.9179416756848843,0.08959491130816416
344,0.8431119329735766,-0.4644623429305339
345,0.14557560892236074,-0.08555352780124578
346,0.2400101362740537,-0.18344770371094798
347,0.28441732875791503,-0.13173485321506137
348,0.6013731025453332,-0.34006877547704245
349,1.970055152153067,0.21900792439217798
350,0.5120339340338669,0.9540483266840856
351,0.25494346011279667,1.0317985014186153
352,1.899181426705625,0.04237829726264218
353,0.6571962497858477,0.7956515774286185
354,0.20454924486615125,1.017385742029438
355,0.39549216251262825,1.0034567589360135
356,0.9971670315647427,-0.49906559266431183
357,-0.8765181579749115,0.4693243959799509
358,-0.04751169971864975,1.0248413652907005
359,0.646997852627325,-0.4088625926662097
360,0.8791796459981566,-0.5095334462313593
361,0.8258117692245271,0.581557798168611
362,-0.6287329552204848,0.7263209259114314
363,1.7241670147874901,-0.14212716377863494
364,0.29148827591967463,-0.2571648540061624
365,-0.2625298854007266,0.9743095223567113
366,-0.16802089310277407,1.036058641173138
367,0.11135378063482461,1.0025020878201198
368,0.14900782548360597,0.14019782415248075
369,0.3003144813919217,-0.13336524268734481
370,-0.015252342948358921,0.0980475402050894
371,1.1058699681838577,-0.48424296120671356
372,-0.851345392229756,0.5387406184890756
373,0.7156934383304628,0.774497275763827
374,-0.02305027274952493,0.9467691690589413
375,0.7908984826006814,0.5723327501962276
376,1.70366397513012,-0.16392597731880637
377,0.755628188360081,-0.4241687342889163
378,0.7794308349450371,0.6393357159185458
379,0.02196533977488274,0.5785021733314359
380,0.39711194732849175,-0.3129821614009546
381,1.8853508867747246,0.14021379438410683
382,1.7408010628920811,-0.12003407674996663
383,0.0599594134983588,0.28308037897010857
384,1.75647591860481,-0.18799743313046546
385,-0.4036144082798356,0.8842256381102858
386,-0.8995291500691807,0.6890730601479053
387,2.084039600283925,0.5165412687934375
388,0.9755448391733758,0.2822619639422603
389,0.47327958293174005,0.9308196213325409
390,0.08648705256065742,0.18688841508564052
391,0.9816252361995353,0.04491569847715615
392,-0.37382716617211825,0.9268499778652117
393,1.5154955264329528,-0.34057364780465543
394,0.675302238616375,0.739354255293381
395,-1.0013737307877173,0.29873084696837193
396,1.1991529837275734,-0.44033262315563587
397,-0.8536661771593541,0.48066232577824086
398,1.0103690418447326,0.26237280589746254
399,0.18094167692891913,0.09824321416595952
400,1.9986328009894936,0.3071006698409268
401,0.23795011438227545,0.9374839727209312
402,0.6815937925532414,-0.4168970146875602
403,-0.46853127391579136,0.9834753233418407
404,-1.0047753956920742,0.3565004210788227
405,1.3553689522600338,-0.3713052694456792
406,0.8999470430700138,0.30089672796884537
407,0.3174109677772015,0.9245031808392571
408,0.031811843463060346,0.9298844317598911
409,-0.8605308198758213,0.42784665648155285
410,0.8589628313188202,-0.4868567358788189
411,-0.4874497397677483,0.9213427646048818
412,0.8719883511743288,-0.4800943945519736
413,0.00013549385956367066,0.25546496842105965
414,0.3381741707379621,-0.2842679345763358
415,0.10034125898202728,0.07648917468926573
416,1.7144736327717762,-0.14305690376515418
417,-0.8649213479576536,0.568786940395092
418,-0.760080691412829,0.7667120660559004
419,0.09751077022111834,1.0779466135015727
420,1.0077205627303882,-0.49011814302333634
421,0.09918465207503491,0.9971978433015491
422,0.9775672331159926,0.3243449495550637
423,0.1268318507899841,0.21953313298852695
424,1.9835774409817497,0.25363774670968475
425,0.043339605854585024,0.22972157365501608
426,1.3334953766236848,-0.42060700901380144
427,0.5228750769113635,0.7841567249037938
428,0.4735261305651864,0.8039181558777332
429,1.7091423063920246,-0.23885524096117194
430,-0.9303973689455382,0.33997220001400347
431,-0.38091525442544805,0.9153502748160852
432,1.9057300042274425,-0.08158595137844543
433,0.3558669113162349,-0.2158220934603701
434,1.6770751639181007,-0.2578795419888634
435,0.11706775913645269,0.05079648107464354
436,0.8346133195665073,0.43107794020474516
437,0.8719772221705602,0.5018648878303699
438,1.7193413969908529,-0.0815526896553018
439,0.3246622711185743,-0.31303563614702623
440,0.8260373490932719,0.4587447616339557
441,0.023355193276168945,0.3432431455419254
442,0.43232029459894405,-0.28991397440595973
443,-0.4728653615657725,0.9879605678242116
444,0.7220640126846567,0.6565059433620594
445,0.8528609412123713,0.4748556777181729
446,0.7174683350301793,-0.4919064954079181
447,1.736646379660482,-0.015475483144493415
448,2.0045756175887472,0.3634053543252062
449,1.7640183651188484,-0.28402383686869165
450,0.9265226151187512,0.3184590016446257
451,0.17702850476995413,0.03212045066664773
452,-0.9552576256738058,0.4018912019026251
453,0.9075128598211665,0.11055049993326753
454,0.9402287741756913,0.14767706347622195
455,0.5375874062176713,0.7734803776173496
456,0.7697285292083964,0.6439488815056085
457,0.3232001716959268,-0.23460501208338605
458,1.078379681280014,-0.41117016297981523
459,0.5942466213862568,-0.49259462489663935
460,0.9887891247883486,-0.48517003787667135
461,0.14638795173503777,0.16442541694453744
462,-0.858760418712026,0.405059104612801
463,1.336599546508369,-0.40973275103800133
464,0.7084000776558208,-0.39307189189307323
465,-0.4959723983934937,0.9005420513932858
466,-0.47950152636927434,0.8768769053866269
467,0.4274177661476226,0.8864349451608324
468,0.022254296399991283,0.24656363408272425
469,-0.929110918968847,0.04003569179989312
470,-0.5225831628848441,0.7726576565435179
471,1.9162358931613677,-0.01881769666208364
472,-0.9485723639262011,0.16448102458882669
473,-0.9089155055460902,0.23686615442527467
474,-0.22710300199657493,0.9958234699696511
475,0.4979548788900178,0.8055371072530921
476,1.2111526166688416,-0.5072076575567852
477,0.9673535000474235,0.27879744204659257
478,-0.21142253124692056,0.9834536241141908
479,1.45934594218881,-0.36869111193080617
480,0.7429511657111675,-0.5760678749176148
481,1.3880690233914386,-0.403955598259961
482,-0.32614677301864103,0.8842956139603158
483,0.4281233721899232,-0.2918327953463177
484,1.6765644083853168,-0.34422043214872666
485,-0.5326503691812684,0.7207906830399968
486,0.49290506936204653,0.856214879385312
487,0.8963934296737507,0.42600293462201944
488,1.0068057654942475,0.07014223773198922
489,-0.9304172366750546,0.5751341726566781
490,-0.9501653856594398,0.32616573594847964
491,0.6559371508779052,0.8055053168108878
492,0.05416175996994344,0.31948319339120684
493,-0.9716025515379644,0.2615042522081701
494,0.6437478029393194,0.8125100687775605
495,0.970120704769736,0.16830622817460356
496,0.9619052770508938,-0.5492753991035345
497,0.9495475229269014,0.08003610661972774
498,-0.9898590069220322,-0.014654737495693994
499,0.9679027988338994,-0.5525684570785985
500,1.9597963666730829,0.2119977513906719
501,0.23680210420919992,0.9726845412497691
502,1.0047481516412926,0.08518585933895856
503,-0.7593346526116524,0.7302423595521397
504,1.9762460328655052,0.2664903174451481
505,0.7174645347621953,0.7117834648724621
506,-0.5812307240108506,0.8832806015148191
507,-0.9865413911741228,0.4023823858459391
508,0.06350066652676564,0.3571383188684699
509,0.7376897783592621,0.7855297539497721
510,0.7009467335984791,0.6772752116297631
511,1.2868950289187524,-0.5652869371360268
512,1.2676732811683296,-0.5015128738062906
513,1.677955877217396,-0.2226305853700639
514,0.8747626636978009,-0.4969897950420966
515,-0.23308356220760096,0.941948498420484
516,0.8395369740655734,-0.5233075127489866
517,0.6309703733083688,0.7183814181823621
518,0.5906514308111287,0.8693108700310672
519,1.9295991658390745,0.008075859593868778
520,1.8373167432695094,0.042597791401161
521,1.9474487089969104,0.3647495947933926
522,0.7286723611571088,0.7227654120359206
523,0.9617474542464072,-0.4222880153861517
524,-0.666374322895104,0.5881676728750437
525,1.835057524631653,-0.062393236710262104
526,-0.08728670753289954,0.9546496868434504
527,0.2428567350024557,-0.12131675989767166
528,-0.7915087584220295,0.639058519922437
529,0.10069418737773111,0.29278358652785463
530,0.7431885903134601,-0.4703874998718807
531,0.48586816697359625,-0.4037880839094282
532,-0.008335168471258293,1.0541676775766688
533,1.1687216647968546,-0.5220262527095466
534,0.6404101297712874,-0.44027369304029906
535,-0.6557971892889978,0.7528513266730761
536,0.16743833487587284,-0.033691463317853054
537,0.9354865194246731,0.07063749298061103
538,1.0865041900642918,-0.5342017566885868
539,1.0407219233326974,-0.03189823227448523
540,-1.0509329733723531,0.1437647757977134
541,0.5482613933744357,-0.42546707165589154
542,1.17117785972884,-0.5021383119741095
543,0.8409068190391464,-0.526932564338592
544,0.5623753558947995,-0.2799213073212171
545,0.33705482533261566,-0.34852023931987186
546,1.945687007944166,0.238525921810494
547,0.360005214395865,0.8271187423319788
548,1.3471219878004752,-0.5215595879531849
549,0.9807125699014417,0.30745468390263286
550,-0.9941195573024365,0.0816995017462851
551,0.7639565273725338,0.6623156423201162
552,0.22414129911707587,0.9962122129630944
553,0.06131604320932494,1.0201960817365823
554,1.5390535026495484,-0.3826694042287994
555,0.17074394689431271,0.9775731610765416
556,0.016142490171858044,0.5505847037917455
557,0.4794296969240548,-0.385202486381261
558,2.0041816061456026,0.23749252359631162
559,0.42423623189329984,-0.36503411147294074
560,1.2379665805072868,-0.42790222379065274
561,0.11630340898235976,0.08913128933377615
562,-0.3958603718332737,0.9001498588936919
563,0.5920572846347701,0.8192980515035676
564,0.11503712793261395,0.06031265740916147
565,-0.8313713629393563,0.646534562769211
566,-0.03393351419531784,0.3467778253778348
567,0.04397405773081424,0.20381210916872256
568,1.0149923761806166,0.13146110293319993
569,0.8722945307758155,0.3790940114157768
570,-0.7168580098436412,0.6793447147427306
571,0.10244036846698,0.24899597634695317
572,1.314816575833963,-0.4082085550145172
573,1.6244600485965364,-0.2898864132120371
574,0.9132836796502727,0.33890265721637264
575,-0.058478239410313715,1.0308326680519977
576,0.6909619388198505,0.756071611788236
577,-0.7704235960941133,0.5815305100938222
578,-0.9674156550044566,0.24291829517624863
579,0.03245420892170147,1.042975829550463
580,1.5162499188713034,-0.4368908945476336
581,2.011727521288696,0.4029998758413573
582,0.573217409922654,0.7488620480626095
583,0.8074848182065081,-0.499123174944116
584,0.6550943128192523,-0.46272563804322625
585,-0.7514393418614644,0.6788846694301118
586,0.7565956306757088,-0.4498284790666439
587,-0.9700252616341203,0.2036608301333269
588,0.07830381907251274,0.20917866605989396
589,1.2166426145818325,-0.479039214780977
590,1.5093979133787063,-0.31053503456427384
591,-0.6115574848947852,0.7274438019691009
592,-0.7173994673601101,0.7744549221502581
593,1.8823701676405167,0.026409718613669933
594,0.721178942435453,-0.4984306509579377
595,0.44718483604597226,-0.2814095261179685
596,-0.32844098451862225,1.0556745357955497
597,0.8854544700300918,-0.39749675475192275
598,-0.12661911249547148,0.9709898017444379
599,0.2817056465571442,0.9956586311006242
600,1.4108352569836446,-0.3927748049177562
601,0.594921750552553,0.7812880817090815
602,0.5437546191570582,-0.4366447562009513
603,1.2428380976010345,-0.5174023961107338
604,-0.17959627779116505,0.9758114394470678
605,1.987312083314857,0.5137893798959552
606,1.453755254178841,-0.37599686430765944
607,-0.7090639280930744,0.8058405713509971
608,1.9463727658486105,0.06425326913913229
609,-0.971218167415548,0.12185197178651225
610,0.36507309165486806,1.0070639412474194
611,1.5579478484891467,-0.29970944388557647
612,-0.04877200508591099,0.40353736713052674
613,0.4796996591939768,0.909999966237792
614,-0.5272275961287004,0.8190205707248354
615,1.8501733931099804,0.0005562778651249792
616,0.13517124710136955,0.004636066284967252
617,-0.7378077468411744,0.6605420820266976
618,1.8814290087561076,-0.08040581405337413
619,0.7813767823175142,0.6042491599372686
620,0.9791479516505052,0.11587270402358113
621,1.9894040138495743,0.12359010523463584
622,1.383317359990129,-0.4377984760218264
623,0.9521291129715618,0.25516566157300363
624,0.3192691295742487,0.8538253030628051
625,0.6166313004839113,0.7841650785577566
626,0.6228725567698673,-0.3364554133248236
627,1.148455794218944,-0.5437898039339129
628,0.4310815459033793,0.9052743060917056
629,0.27020714338694857,-0.12887538244459834
630,1.9822336302517853,0.5756180746457649
631,0.5181185522728491,0.8439269700229469
632,0.9832195261144591,0.16690559744733757
633,0.3345938186517431,-0.24265858967310786
634,0.3622209918628587,-0.26195898358774494
635,0.3226161088647777,0.9472180193763836
636,0.7801636441931334,0.5998596610904531
637,-0.944340943869466,0.37882597522721506
638,1.1771582669416853,-0.4936394229058166
639,1.0484154865714128,0.013217534311671343
640,0.3304750233610637,0.9902018458280964
641,-0.8916290563284647,0.3617841852980468
642,1.0494368962236174,-0.5315154509686307
643,0.5190613056733379,0.884875131525872
644,0.09779769040817263,0.40116536861256963
645,-0.029635565367415503,0.18335962967809288
646,0.04760802825390226,0.27786265893678097
647,-0.8652026929433765,0.4794172331741152
648,-0.04260891742476636,0.4081585908493511
649,0.22634776968464426,0.9970073887592137
650,0.130342412362487,0.039118528457190105
651,0.5454861130400683,-0.4323956181372659
652,0.17350598103722864,0.08458896948616718
653,1.2403437717491195,-0.5060093418467101
654,1.9832799455876222,0.4319543349281994
655,0.0701886618696017,0.057679216617533134
656,1.036760625249104,0.04916531539817702
657,0.9768319649480213,-0.4881240607081523
658,1.923691434947662,-0.04865589934719131
659,-1.0282279936265035,0.1998699622549176
660,0.43109192508664046,0.8633345376018625
661,1.9526018148983562,0.20331874757284546
662,0.20984695578840223,0.004719095066221854
663,1.2275982873094882,-0.4713253261134356
664,0.30488964737675484,-0.22995661552192884
665,0.8751166826478018,0.4612799007763364
666,1.2844900106973114,-0.410911619836317
667,0.18339892203199554,-0.05174409048369002
668,1.4968277024197119,-0.44656350133862605
669,0.6381694413754265,-0.5151658719873519
670,0.42456657800284714,-0.3579755954607372
671,1.0003030098860228,0.2214999396074474
672,0.2864303403729317,0.8851157987753285
673,-1.0561303879789696,-0.05507084334039935
674,1.861305133574366,-0.04788262749281412
675,-0.1436539450194702,0.5230790537293022
676,0.09450338192620017,0.05249740531588416
677,1.7134796237786372,-0.23231756908301707
678,1.87417282952813,0.053859406955590106
679,2.098209842207224,0.3788914248651149
680,0.5223675788625679,0.8678823742867231
681,2.0887252636661415,0.27489937995275127
682,1.5847332182888347,-0.4279739859479389
683,1.788613459365933,0.04975415352574449
684,-0.7851034874065159,0.5329563291940917
685,0.6017598647508888,0.7255546215869225
686,0.2681626813373625,0.8617952212591308
687,-0.4626210464274098,0.8383155924905544
688,0.019717777574939525,0.15491524475895532
689,2.0035804380456983,0.3906407092056673
690,1.9428613171131066,0.1894826771405819
691,-0.7110085563096641,0.6177026161941336
692,0.744173752904715,-0.5444485318692528
693,0.1532062111486166,-0.004640746756668021
694,-0.9427230334142288,0.3054175247603086
695,1.9717139637111198,0.2478514618570363
696,0.4218724110142729,-0.4199509592481299
697,0.2558134935655775,0.9155046571469341
698,0.6215903938866756,-0.3116564490044227
699,0.6772873474491153,0.6436482698961012
700,2.013868452488235,0.31752436759760877
701,0.507206018264858,-0.3562522231370471
702,-1.0012191648286421,0.18209126855035168
703,0.4162977412851393,0.858145497508922
704,0.07849846580649765,0.10876466314015654
705,1.8602324531452565,0.021503648452026496
706,1.8430350972301524,0.05655734158799853
707,1.6575895612305636,-0.2512925683860675
708,-0.9697962605360589,0.37136737388642277
709,-0.9854686383300271,0.3874550229613834
710,-0.479506547783565,0.911984346908157
711,0.7223225542036659,-0.48971597054616567
712,-0.48662957950583635,0.964007132526983
713,0.8691814251334211,-0.5283589597749954
714,-0.4746585251170338,0.883287463651852
715,0.8440701374473539,-0.4364594872621168
716,-0.5748149029954032,0.7709924100196845
717,1.7406961883662133,-0.17744523245688815
718,-0.7266542187115798,0.6666874033243637
719,0.4441561665614242,-0.32750385337094007
720,0.23118809992677974,0.00017010937304254986
721,0.23410431864308637,-0.1337178196939673
722,1.3652213476094246,-0.40489183282559504
723,0.8488500403573769,0.4167544038772932
724,0.982574455335061,0.4400468493071543
725,1.8492280880856813,-0.1757890496339026
726,0.2965273489843256,-0.1887622256842465
727,0.9096746485043765,-0.48230463103003984
728,1.9531913274475678,0.17237159972970573
729,-1.0178897623339163,0.17826147017775568
730,0.5177274784699898,0.8673548726884932
731,0.029238599919468408,0.23719372303883887
732,0.7946168822813784,0.6386564480739898
733,-0.7857130653535647,0.6231656964788529
734,-0.8167055006906139,0.6207177436323941
735,0.21240398650243345,0.9996361294617079
736,-0.1320785025610062,0.93243547779239
737,-0.8790199517526404,0.40612138637500816
738,-0.9781085474401437,0.25809188907150066
739,-0.002681525013157323,1.0462563291281104
740,0.9026671279092006,0.1634648359091233
741,-0.19223471095072142,0.8889308013695733
742,0.9143613925765502,-0.5843409195296431
743,1.6063265790728019,-0.2896404046301172
744,-0.8130768426905951,0.44451918750738717
745,-0.9721371348253904,0.40592803938986877
746,0.15233511888611695,-0.16326125654164075
747,1.3762233095134353,-0.414961589790412
748,0.8607809060346245,0.5206374660497984
749,0.08366610446188699,0.4626810623650431
750,-0.7684781093416372,0.7029386896627973
751,1.8839731702872131,0.2637472158076349
752,0.7629770782012892,-0.4255591057839227
753,0.15235337136851285,0.9537533553688254
754,-0.9329475984195204,0.4173355858935347
755,-0.44540635900761893,0.8342617328232662
756,0.728061125424694,0.7543184827109645
757,0.9586572434356985,0.28753471320243207
758,1.7112792584694378,-0.13587754229537108
759,1.611663873648366,-0.3516714818416554
760,-0.14138302117588686,0.9701565156914005
761,-0.49697907562097393,0.8885972412969579
762,0.5000073282445221,-0.3389223769946893
763,-1.023398305741801,0.10213744139362026
764,1.3737982460571467,-0.4062878436602663
765,1.468883889239509,-0.41640211297704377
766,0.611135984582729,-0.4518215333228829
767,-0.8779540395418136,0.3505898463884196
768,-0.90350460965164,0.372743989702244
769,0.12022441669956102,0.2614889863095117
770,-0.9370915727930449,0.5472001551243769
771,-0.18937321665249693,0.9834381397567691
772,0.04055657426565071,0.9860087500441698
773,1.8019949269220006,-0.07295871471124614
774,0.8684319347517031,0.5268120696006094
775,0.2386859280181934,0.9471656195207652
776,1.6203642555508848,-0.3000824654570037
777,0.28479953329816304,0.938586151362611
778,1.6090857776063703,-0.3139639234865506
779,1.3004977590221842,-0.42594627009095126
780,0.24770953415090638,-0.20311229076859633
781,0.1882583785677835,-0.20128524009588544
782,-0.9473021806521082,0.12571898329868877
783,-0.8154470214074818,0.42662678504305773
784,0.8126877268065817,0.4560556350246836
785,0.7298731820419014,0.601972448172853
786,2.036315979802968,0.1922835326202385
787,-0.33705654008542413,0.9348912013828711
788,-0.2962331082795221,0.8487827445317229
789,0.47204501518264536,0.8226072500998235
790,0.002211217908895814,0.33952909467526615
791,1.6483802583776574,-0.28532684764292604
792,-0.9581676269523838,0.33707759566701356
793,0.9586009124344691,0.22595953270194014
794,0.8968380772891226,-0.4770880299475516
795,-0.9046511361476758,0.26906391434583316
796,0.6139512997225802,0.7543914628239032
797,2.0000494930494064,0.39471024521185616
798,-0.5389652180960822,0.7384995657055082
799,-0.04898032692769716,1.0378117154193114
800,0.6798187809777518,-0.5036676994141054
801,-1.026600267613376,0.3070053678981111
802,0.5935937781624273,-0.42896539762075314
803,0.767595759384169,0.5149040494516615
804,0.7283828560125327,0.7422460882044561
805,1.9940030620704983,0.16615629891269712
806,0.45601808415763634,-0.2681376953663714
807,-0.033083355175248186,1.0552644501007638
808,1.831024470513462,-0.2148926073878782
809,0.07003735574460357,0.3101648591292761
810,0.5598419426915989,0.9839263034629041
811,-0.9389245871099705,0.3357524023790658
812,1.0840056989859894,0.11925364857542149
813,0.8106621107838051,0.6790363036745097
814,-0.7700076888885257,0.6695114259420463
815,0.6815158703504434,-0.39999002647963267
816,1.6590077826154341,-0.21841371342956445
817,-0.3086697067758702,0.9082859002620508
818,0.784015462003783,0.6180830796731812
819,1.0603589175568402,0.2104095173922502
820,0.3681648929120663,0.9186419239055603
821,0.593985840485421,0.8234947649152229
822,1.2297844846327368,-0.39404893818519393
823,0.8518261536361437,0.31549599919760024
824,1.2906465200850858,-0.42029785043325696
825,0.03694275162752111,0.27210245654579024
826,0.08058630058409655,0.9834930091896702
827,1.9209774060018665,0.12356638624241753
828,0.7223129864244118,0.694448999136307
829,1.9761998676690034,0.3893173200497334
830,0.8192958252807871,-0.5377132325862927
831,1.2138471033485387,-0.45689832267895314
832,0.1245912024708245,0.0018567639117526291
833,0.005781385275047245,0.43940493787275137
834,0.674177370554198,-0.5420712153064193
835,-0.9851254319718027,0.13649696403988165
836,0.05702683342583861,0.358308693445268
837,1.1602776366949976,-0.4854451076102092
838,0.032085013972072515,0.3289219973889832
839,-1.0353614508607596,-0.05129814943525256
840,1.280185704575177,-0.3377857544152606
841,0.9385680473259644,0.40577131492562907
842,1.9116014922863263,0.016085467410665702
843,-0.17425148823954079,1.0826210908620482
844,0.4662448889428752,0.8281626801122939
845,-0.8111814220077059,0.49766739853403247
846,0.13216929621787027,1.0271280271749816
847,-0.4928070524764829,0.8685328583705824
848,0.4482132236140775,0.9296649771417833
849,0.37009890594521594,0.988213326426489
850,-0.41666178753759653,0.9246588155623758
851,0.02451021344842076,0.27326458837140316
852,2.0052894467073084,0.020281928511306106
853,-0.8770333035253324,0.45057057976173154
854,-0.01366385834474645,0.9243869631010544
855,0.5578715484495927,-0.2516973011708455
856,0.015656098752558596,0.28918394756551585
857,0.31178670072410564,-0.2206011192308738
858,0.059219550731171175,0.16546895648742355
859,0.6134216987408091,-0.2769339840015327
860,0.7004127674690183,-0.4110168171004184
861,-1.0008227009961213,0.04591384590594971
862,0.3139228631715145,0.9476801468772105
863,0.9232994182803335,0.21518892173878412
864,-0.07031512263867415,0.9368312157032644
865,0.16791226941700949,1.0429025412371056
866,-0.9993800797108778,0.0793657617670615
867,1.729399034959449,-0.21172927198497715
868,-0.844976208616192,0.38890157368992695
869,0.08898283803130985,0.1717345587293694
870,1.5991615697796897,-0.35434570978154634
871,1.8749242740344472,-0.016552727202270003
872,0.041627708493594796,0.9565257019365639
873,0.4004621451254858,-0.2741627681993231
874,0.7983329291368634,-0.4742129111420394
875,-0.4076444247609296,1.0134497466656938
876,1.4880929518722585,-0.3297583532435899
877,1.1934220241466815,-0.4515145067194245
878,1.4832225626287379,-0.40744744374478475
879,0.9372144916858955,0.24167281171438126
880,0.07394005488662318,0.2724094243451005
881,0.9886294880531277,0.30305040214191803
882,-0.2348375196143383,1.0118818022341292
883,0.8560890335808694,0.6477502952041412
884,0.9289121574404559,0.33278319295464787
885,1.0294739914093627,-0.024445216521264964
886,0.7927954568817056,0.5875594089084094
887,1.5952731902455715,-0.38091712280913603
888,1.0396420086641593,-0.5556540682546222
889,0.02490544988879787,0.2196292836650771
890,1.4966612653656755,-0.35405901802124934
891,0.05671954803410598,1.0035211059352007
892,1.7399488613093745,-0.1277348296041166
893,0.12663909377666713,0.9598082297219972
894,1.5934330553088596,-0.22204163949757835
895,0.8039358840099623,-0.4570224417834763
896,-0.9362460290183204,0.1835639983115493
897,0.8976976174308823,0.40775404248446734
898,1.0225886608506431,-0.012343236382011187
899,-1.019067309849053,0.09682537765665708
900,0.6575679997108663,0.8280826945219513
901,1.975341729255927,0.2959173929073818
902,1.7638221601533959,-0.15599284552978226
903,0.2861957005286202,-0.19250103527931606
904,1.8069318713715052,-0.2525930561326045
905,0.4208382442451596,0.9339606557756216
906,0.11473049985168865,0.25708367297281987
907,-0.6321800201052902,0.8102483846729608
908,0.6360981926683384,0.8159894671211555
909,0.7283709982585893,0.5939457928059559
910,-1.042118975445789,0.22776188917613288
911,-0.885325896996622,0.38172828814911597
912,0.5139107124254694,0.9052356805457478
913,-0.18677514022458122,1.0205702567935488
914,1.0554317135149203,0.048029354323439646
915,0.4825549792000035,-0.434495483141813
916,0.15253600620118882,-0.0774521483541347
917,1.588603096640836,-0.3510007972363501
918,0.07899389875349333,0.04016268457309232
919,1.935597522116066,0.46197442946103406
920,1.5491838395866253,-0.2172260676215976
921,-0.9992264231214141,0.4563211925281923
922,-1.0564854431066772,0.08035557330605722
923,1.0096766661830183,0.297235800546232
924,0.38998989819995566,-0.3208492420901966
925,0.07756692839748669,0.32047937253681225
926,0.6518384959982837,-0.4975621645608307
927,0.7497102905878967,0.7881190785506221
928,2.0115551260022895,0.21989556188652867
929,1.0346932818963426,-0.5556846436870133
930,0.9530011729624727,0.25069362752788316
931,0.37463010506323646,-0.38231195665416445
932,0.9210237908598552,-0.5381553139144324
933,-0.5697220683294464,0.7294365964268099
934,0.7720757317673002,0.5574042010820274
935,1.0459103014539326,-0.5141599563958161
936,0.08316301179686247,-0.11852180250562283
937,0.22422980549102908,-0.13937084727758217
938,0.37494192884071165,0.8781463057326093
939,0.7067031050649538,0.6629525513605925
940,-1.0391209925098301,0.1684168618169825
941,0.7705551909639133,-0.5139223829663851
942,-0.058677484093736146,0.932758253820505
943,0.2453671595356406,-0.19619785397323403
944,0.020981177254971187,1.0104306233675902
945,0.05678758564093375,0.3901301109321453
946,0.8949903038339359,0.4158850035515116
947,0.7461268171739784,0.4913595856956577
948,1.7705706483940493,-0.2666416027016729
949,0.7678465233487681,-0.48964572165585546
950,-0.27807830990493404,0.9148177626357449
951,-0.038294616264313394,0.2548651093513925
952,1.1019602029331685,-0.4755708900038161
953,1.0177688765694728,0.0768446231905881
954,0.9155795584243961,0.16175525091566884
955,0.271137726054828,-0.1730825068782179
956,0.035279539614940444,-0.05362529978015549
957,-0.9743163182660664,0.1872516392821692
958,0.8631584757602156,0.4559301255208612
959,0.4685256938810277,0.7915983628296989
960,1.9599985023555524,0.0452001199905101
961,0.6741591135966051,-0.49286288306584175
962,0.9490741540693104,0.15977460340641003
963,0.4206230678424105,-0.22102702734305596
964,0.6124413586435347,-0.46517324144117633
965,0.8266520704414961,0.6230762302615327
966,0.9995973337951377,0.40918299699392036
967,0.9290361208574015,-0.4302780796092964
968,-0.5424530322844159,0.7439246670047861
969,-0.0011161040644897362,0.37784974756546597
970,-0.673917740864623,0.702356059967657
971,0.7271738155005859,0.6727744884753423
972,1.9193919784364368,-0.018029082301715786
973,0.9533522143251295,0.5238613068539582
974,0.3656947021343112,-0.33138011473458406
975,1.5249726133443464,-0.3113110290960561
976,-0.3385603678603132,0.8932827961394876
977,-0.8547793743032068,0.46267894526982295
978,0.4663223643288157,-0.42685172853280556
979,0.008111519044710445,0.33020077063972947
980,0.7033359339311992,-0.48404822379989143
981,0.7563920911955038,-0.5094955970834827
982,0.1364768210967036,-0.25446543279210315
983,0.5146933106345464,-0.32075932792630885
984,1.6724898159538253,-0.2737247426812293
985,-0.045280288016280194,1.0294950626065489
986,0.8984411221767385,0.5104426767285559
987,-0.626901056919152,0.8154784323395184
988,0.20810692763627822,1.012573402614922
989,-0.4545904481331138,0.8838490265068188
990,0.6365895844300571,0.7554681892456587
991,-0.6051617294885052,0.7698699127350417
992,1.7456048578115773,-0.0795617301020027
993,0.3584915617191796,0.8862262661918059
994,0.019461257089436284,0.389302773703303
995,1.9950390162640523,0.3453020586857552
996,-0.534002852247211,0.7995087825201678
997,-0.8060813983585158,0.6085870113787749
998,0.36276742918068033,0.9212383337615767
999,1.2789596547133868,-0.37336324617074157
1000,0.937056126207205,0.537927880799395
1001,0.8212215494646276,0.4795349029462024
1002,-0.9919229227216192,0.07939011251657656
1003,0.24732947517705053,0.971492310302885
1004,0.247896751233042,0.9512322323320592
1005,0.8323462102166744,-0.5163850102254242
1006,1.7937889786296097,-0.029063228381149532
1007,0.14789350056934836,0.011405257010163497
1008,-0.8703603909169587,0.5928350624903974
1009,0.06604217129383139,1.0367938239945584
1010,-0.41121129093914516,0.9062810799567027
1011,0.44331013669534836,0.8934970319916485
1012,0.8338968204555921,-0.4947638502606249
1013,1.956811847070957,0.04085590979883373
1014,1.9827652601418477,0.3235191854996777
1015,1.5516251033227704,-0.27991741912372514
1016,0.9039586528065189,0.401163158585838
1017,0.4482877565053237,-0.3421656761078834
1018,1.539249527502209,-0.28537806566161983
1019,0.07457989751641003,-0.03875295643169881
1020,1.7764245366135902,-0.0868778137036223
1021,-0.8911413041757867,0.5128634847794473
1022,-0.47741168188372773,0.8825410548884159
1023,-0.7743894093862848,0.4820564636798249
1024,-0.6990190751788989,0.6373631788981557
1025,-0.8815641737051787,0.5019647765188229
1026,0.006980811637990535,1.0941074073557955
1027,-0.008940271826697883,1.0407769062615324
1028,0.08524653887904643,0.26545940250607847
1029,0.11136237233786928,0.01743807054332719
1030,-0.1302631939700766,1.0043230744946625
1031,1.7277452566038702,-0.15975064960385843
1032,-0.5853579867829322,0.8538875450093667
1033,-0.611998566528649,0.8789967847751089
1034,0.5438319282117146,0.8778790928139892
1035,1.9390051585999222,0.3255644230125215
1036,-0.9973591586284549,0.09926299380155443
1037,0.36091693146586395,-0.16383982880282533
1038,2.0766740340169463,0.40480051700343356
1039,0.12682598755218588,-0.06162205833136101
1040,1.5598465571370315,-0.4351075241529908
1041,-0.40940373387050255,0.8962366742667176
1042,0.7583925542934771,-0.4860998839038108
1043,0.34851736055316385,-0.3774335959755198
1044,1.0869584520308195,-0.4933412741632981
1045,0.8233169944915814,0.3537962074556859
1046,0.32138809395387746,-0.21988089426278906
1047,-0.4790572580569104,0.8705717126079855
1048,0.21034670024654448,-0.03412222319827285
1049,-0.472777862634092,0.9164470554902866
1050,1.7850043416519061,-0.25658990638765017
1051,1.3804324443047464,-0.4570668921466305
1052,1.342817305636025,-0.43912424655888815
1053,2.0098459109957783,0.3976062580213571
1054,-0.06263718253661875,0.459182331027029
1055,1.5632906018246169,-0.35596363784897445
1056,0.09737852123321573,-0.004535931424476725
1057,0.30410152154086184,-0.25612181408831086
1058,0.8210377788391547,0.5682672903739221
1059,-0.5883973826849382,0.6630893832872824
1060,2.049501183529825,0.39981615321673325
1061,2.0155150344830433,0.26735985325920514
1062,0.9322758292618571,0.4041858212941759
1063,-0.6711135288727924,0.6703288123367896
1064,-0.935555597845282,0.31377654477734995
1065,1.5748228327533214,-0.2979022527699866
1066,1.6748924649405117,-0.28523380136145154
1067,1.842028213351917,-0.04231485027240036
1068,0.9196531367974844,0.24059171341884394
1069,0.5597476868600427,-0.38430667446699246
1070,1.0541649088499108,-0.49654411027552736
1071,1.973720814031604,0.2486340966965789
1072,1.741625954487018,-0.1670761118903657
1073,0.6089805154983361,0.7514198547201412
1074,0.24294124714363552,-0.20087921675467815
1075,1.6941243323629451,-0.23402497147803927
1076,0.9468771726903754,0.10472130142679546
1077,0.6798870209635414,0.5972686742280076
1078,0.9570731866707177,0.4969376155750754
1079,0.08044035806680559,0.49609515617254907
1080,1.3686266854297644,-0.38319069448069604
1081,0.08606364123460479,0.9397146999028938
1082,0.8245564069060217,0.6598580052020209
1083,0.2424178847753146,0.8823589490772307
1084,0.3994950469609244,0.8932642523532184
1085,0.19610886903429292,0.009586763111980832
1086,0.15259798021336926,1.0064494081782234
1087,0.3208977817918323,0.9887989766841574
1088,-0.39446878176490136,0.8491455872757898
1089,-0.9283341576674775,0.48132475901304916
1090,1.0143331471497632,-0.6182600958942732
1091,1.624809000054874,-0.3736335406841585
1092,1.6494497586802788,-0.18376602137163595
1093,1.9926334196726598,0.09208814944405666
1094,-0.9615931307417087,0.3757909294917065
1095,-0.8308322115716582,0.6264673275395017
1096,1.2689079793416271,-0.5155514676158844
1097,-0.7488936268108575,0.6770292886434783
1098,0.6914402364003479,-0.39614581821506833
1099,0.1533197236394634,0.9342187408399074
1100,-0.8273960825189052,0.6309933559246892
1101,-1.0007895259646657,0.29575923472820875
1102,1.245647857967436,-0.46333614587194005
1103,-0.6163882876143767,0.782951629393133
1104,0.0509524738166402,-0.06834411795364775
1105,-0.29829146700876336,0.9612243423043146
1106,0.07880789528961238,1.0115966230189104
1107,0.9693818384929905,0.0464767386742692
1108,-0.9578697967244286,0.0076563655241665834
1109,-1.015183746722481,0.13070846073557407
1110,-0.8746172485821089,0.48119688908421343
1111,0.21811976678191844,0.9176233185550886
1112,0.7837260117507053,0.6479675468888659
1113,1.1862583166294742,-0.433979171243437
1114,-0.9443423289462173,0.17023412157084844
1115,1.3944307312854785,-0.48767687392622466
1116,-0.5146715848074219,0.9260386980181647
1117,0.6809239800021806,0.5453291392220933
1118,1.5654713328766274,-0.43384106140201634
1119,-0.7124324235486366,0.7432158727256277
1120,0.9194488533538738,0.19604016075613678
1121,2.019651545417991,0.35082365310411306
1122,0.9133253070788695,-0.46313173469772795
1123,-0.8862150951062828,0.6576093799298441
1124,-0.6644009389604668,0.8170393253166512
1125,1.3793214292606497,-0.3839759375753697
1126,0.09766802988538356,0.24524330607290057
1127,2.009121766917661,0.32489465381230864
1128,0.0052247350139331475,0.36806034878135485
1129,-0.9688517956740239,0.22418307871227297
1130,0.2761680394045342,-0.08143035506249985
1131,-0.07419770531629395,0.4052724467284111
1132,0.8159917544899847,0.5342085187592738
1133,1.4690248722345849,-0.3553910167705491
1134,1.3544762203950378,-0.42423058812529
1135,-0.017361461281234534,0.44876157868957733
1136,0.8989445655768028,-0.4775368952211092
1137,1.9312270343475364,0.22684906664404753
1138,0.6893128649215887,0.6856482775866912
1139,-0.42477067146249337,0.9228257989398272
1140,1.9305858262385729,0.34752631756513314
1141,1.601276727466516,-0.32987128179104025
1142,0.05039142650738873,-0.0008450112810649002
1143,1.3737630382034323,-0.42375716116638373
1144,-1.0044006100677285,0.25670059595066996
1145,-0.2977046038891933,0.9927622402535149
1146,0.526757092132058,-0.2283856417551395
1147,0.03640847893336921,0.33671176755679083
1148,0.27835977586952637,0.9272615239856719
1149,-0.8122305113562328,0.6550556665259398
1150,0.6589333413141305,0.813889739419515
1151,0.004047269203973482,0.38941216690484237
1152,-0.6773815906835686,0.6857763984259136
1153,0.7223217462121001,0.673045216214785
1154,-0.30389820496021047,1.0275735703198245
1155,1.5807252856056637,-0.31838889603870224
1156,-0.9626066911869187,0.13641191934500746
1157,0.699691081561019,-0.49404979457586196
1158,0.15728756350439063,0.9667180821839484
1159,0.7644339125608515,0.6416598542584192
1160,0.6179578329155896,0.7822151650360013
1161,0.4201856053038037,-0.30093789039577934
1162,1.9545333031568477,0.36801240613672426
1163,1.8443893981990982,0.012390582612376792
1164,0.9700554115976229,0.38291279605402384
1165,-0.6351065715416755,0.740355964332814
1166,1.9562088213232822,0.2635740602018168
1167,0.01691557373848656,0.4351842554791745
1168,1.0310860031834526,-0.43378040048815636
1169,1.1485644387485476,-0.5166233730844714
1170,0.9364314994356958,0.33863724175814824
1171,1.9630169004483375,0.3212648551166935
1172,1.7921566645765343,-0.18921551092446376
1173,1.8662532619459444,0.2270475970781548
1174,1.361926326969833,-0.5012212133944542
1175,0.8273285567155024,0.4519379071462431
1176,0.5825433025391352,-0.46713220430596203
1177,1.8184664898846679,-0.12125122012823492
1178,0.4956737319690343,-0.4036158648078482
1179,0.23861311771964222,-0.052145105740973
1180,0.4683303904838796,0.9467780617785242
1181,-0.7869112548256593,0.5177099057718392
1182,0.4855753651539345,-0.2763107295027861
1183,0.8572904840433736,-0.5752460880188882
1184,0.44474249898678897,0.8813643260912563
1185,0.9071667455763455,0.43073899802072546
1186,0.536601996638269,0.7453156527309082
1187,1.7964532505363127,-0.1585145082725069
1188,0.4435547296407723,-0.36171900184610445
1189,0.9467012442737887,0.555960550156712
1190,2.0366730164145546,0.4755992555851012
1191,1.0988066137177819,-0.483990114082269
1192,0.014805264431923601,0.991715834610189
1193,1.392905309329395,-0.371714144069628
1194,-0.5714128840346281,0.8285996518939073
1195,0.8288782487912857,0.6039904324791623
1196,0.32130063593577474,-0.20150241864420182
1197,0.6171790374463076,-0.41675456253842974
1198,0.12168786579110297,0.0025837647268757355
1199,0.6456808925397698,-0.44831900860895507
1200,1.5691813428951213,-0.42539406592043605
1201,1.8094478606466833,-0.062298124421423115
1202,-0.6121692427337855,0.8138956327260785
1203,0.7555591266330719,-0.4272082635165597
1204,-0.6718880940201888,0.7184518997690231
1205,0.1384428371043462,0.10398112382508219
1206,1.3207431965063696,-0.5567314329542492
1207,-0.6317930638978243,0.7842689513001169
1208,-0.9375441103651019,0.50144417294312
1209,-0.3204549982284117,0.9199502521664626
1210,2.0303308445000647,0.24085489565568768
1211,1.6514601051536584,-0.3447465665305802
1212,0.9399968756430211,0.07891352923557413
1213,0.5193614114605639,0.9178256964689683
1214,-1.0709784033913783,0.15545034213926728
1215,0.532367963349105,-0.40785920803129805
1216,0.5446368422746282,0.8603852187504694
1217,0.9337769016080079,0.44907424088036985
1218,-0.5489688326877097,0.9198342701137744
1219,0.033873900167045994,0.0803405803339943
1220,1.0723519466567355,-0.4887777888011284
1221,1.7874655411358538,-0.15419295076528328
1222,-0.909347636415504,0.3894330833409402
1223,0.07857371333263605,0.26481405559955945
1224,1.544893459639241,-0.421148868150009
1225,2.016700804515999,0.5387170165637799
1226,0.9022125367565232,0.3873833628234993
1227,0.7811173117705027,0.6332943013569279
1228,0.21413616996061913,-0.16362670101971694
1229,-1.0416843300791876,0.03461324359720489
1230,0.9783744218431737,-0.600864361684059
1231,1.1156384671939135,-0.5163713358063164
1232,0.5359386363704328,0.9202247221803386
1233,-0.9093907321645437,0.18997538654801632
1234,-0.011605218556652216,0.929568553476794
1235,0.6795474596914228,0.8372120469744573
1236,1.8899247414728655,0.20327880294648012
1237,1.7813736045019435,0.022703246316757745
1238,2.007864524493137,0.4508919652395115
1239,-0.9261254239599785,0.08431694869839124
1240,-0.0070904608125884755,0.34729309628788013
1241,0.07360328173082589,0.3814050277809905
1242,-0.8731405320671496,0.5774327873746296
1243,-0.974226665135724,0.2733796734880986
1244,-0.9379349908553491,0.5367154375571007
1245,0.572451859191715,0.8720057806281191
1246,1.2893945313041693,-0.4806163472150571
1247,0.24868463182200534,-0.25606398382050216
1248,1.312936576442614,-0.32735293035449553
1249,1.972043855236485,0.47991080208113024
1250,0.882288796813192,0.4479274515074195
1251,1.3429173790366011,-0.4632584740839012
1252,-0.2617381338848626,0.9492846726985447
1253,1.0499539782241871,-0.6373133845017519
1254,0.17375530587079624,-0.1932324117876962
1255,0.8980691760779367,0.46857484440714076
1256,-0.48406835156985606,0.7682767341977166
1257,0.11035762053884221,0.037907381218402786
1258,0.45049844424621266,0.8912954515739894
1259,1.4042254221464694,-0.49481217101979613
1260,0.8113506465520767,-0.5183132319506147
1261,1.3876042168804865,-0.34884021520295155
1262,1.5475280456082157,-0.2579859483423173
1263,1.9985100860956226,0.11135525894798715
1264,1.7259251559430282,-0.11711735285074651
1265,1.3300123639929695,-0.48408146928492224
1266,1.2755096160457413,-0.47992107710113024
1267,0.17743308426533053,-0.11934739654156068
1268,0.3390572823829792,0.796497452169669
1269,-0.8624063622553698,0.43216922967921745
1270,0.44721375172527883,0.84576471479637
1271,1.8906262087262453,-0.03138669632605791
1272,-0.006976907094988993,0.14922562796983074
1273,1.9442215936086522,0.4148060340346799
1274,1.775745539095127,-0.27424597601763645
1275,1.4047618591481934,-0.4440634474039499
1276,0.9228127360967844,-0.5405751796266187
1277,0.28958234839487673,-0.2031396910181761
1278,0.5811507469383832,0.7513262745792583
1279,-0.9724204163486964,0.4933130367830783
1280,0.1641358193577447,1.0198730057979908
1281,1.858368601855223,0.019613474210671805
1282,0.23204162992821287,0.9384674064909738
1283,0.8540605457623744,-0.562692979560233
1284,1.7089377155976186,-0.08766115535121927
1285,0.06317272039133484,-0.026727467623256097
1286,0.9552756357957574,0.05032057274992299
1287,-0.43056072258986194,0.9596918912288411
1288,0.013848758127660052,0.5177093229106068
1289,-0.8566075822812907,0.48441218894538984
1290,1.5205033448713055,-0.3853022688519617
1291,-0.31181868151659126,0.9223199417305994
1292,0.15092923176896494,0.1705359702172404
1293,1.5706402833212183,-0.27460914354872545
1294,2.101067965873867,0.43768417715411256
1295,0.5625387155420112,0.7958668092708452
1296,1.2494078071983843,-0.372164437860216
1297,0.9556485138173785,0.17022577605372885
1298,-0.7870838466573841,0.683571751796394
1299,-0.9653959256463761,-0.008758923381459633
1300,0.16341173162349454,0.9353349933912141
1301,0.030514842128246983,0.9868727919755697
1302,-0.9211824885681199,0.4137758922004088
1303,0.2530003207548725,-0.2382425743786408
1304,0.7034299835843213,0.7606542507451317
1305,1.5858155000402898,-0.3150136431787511
1306,1.8948947249403616,-0.08155180836717398
1307,0.5308532734833241,0.8451995354942672
1308,0.3294892969832091,0.8782028037141347
1309,1.1758655347273426,-0.5014595874335598
1310,0.27882776641890317,-0.29068353000561753
1311,1.9206658455239627,-0.05514740451409889
1312,-0.564301829613878,0.7583801479168966
1313,-0.2618554620360072,1.052677562358741
1314,-0.9596193963366908,0.3958425423797161
1315,-0.9805444506977011,0.14451690227094977
1316,-0.6893280047053608,0.728492129687989
1317,-0.02627624419558888,1.0455679943723681
1318,0.40656357603442855,-0.20180918285959362
1319,1.7290078445884032,-0.20808615545036527
1320,1.9807001516292886,0.0853534491164663
1321,0.2878609596946434,-0.1429608050916619
1322,1.03776593365247,0.13182952004187914
1323,0.18852750118397912,-0.05875018433469854
1324,-1.030517628941832,0.30116121933745127
1325,1.8977680777418995,0.06946394179900113
1326,0.821085965743329,-0.4433756191871078
1327,0.7522630002185049,0.7598344591097186
1328,-0.36421061948340144,0.9415828801057574
1329,0.957237571334937,0.027620105255796404
1330,0.8823333128691723,-0.49635943238207375
1331,-0.8778310789466597,0.5527434380060191
1332,1.8523153623765618,0.0388599254173753
1333,-0.03676130792384355,0.9416471502153804
1334,-0.9056251246603683,0.2785431259071186
1335,-0.14606961205525443,0.9444839551733384
1336,0.6072865654889842,-0.4224013852594499
1337,1.4599885789309277,-0.4050197628498485
1338,-0.10279705374440365,1.0605760886377997
1339,-0.26405276222655627,0.953491856523913
1340,-0.9101562742968725,0.5192348151488676
1341,0.030741317276458076,-0.00473578868758405
1342,0.8752236820766652,0.49097555453804914
1343,0.74930509276961,0.6613545518530283
1344,1.4099308626193776,-0.37932747209017725
1345,1.0364644461492745,-0.4884346926525029
1346,0.294730681409018,-0.15400891144214923
1347,0.00669357756957957,1.0008841001567585
1348,-0.8134561586528956,0.48094809689050466
1349,-0.565061322000201,0.8177576043439153
1350,0.40620477099562224,-0.33842429020670756
1351,0.38574152516217486,-0.24705337242083136
1352,1.5396841972122126,-0.2895778023279258
1353,1.6833868326535935,-0.21335630508133266
1354,1.8743197283769217,-0.030407118260013757
1355,0.61661952387015,0.7522969458546379
1356,1.1558792642973799,-0.4063061779334157
1357,1.6751646891087353,-0.18799644612390976
1358,2.021882846804838,0.43633486802964266
1359,0.9707186397785906,0.0015147929093404372
1360,0.7090371973360154,0.6795294315802501
1361,1.3499012427333328,-0.45271434239707403
1362,1.071538021971538,-0.5217045966503364
1363,1.9305052991685114,0.19681725341998169
1364,1.9066655705919036,0.0841252132819067
1365,1.852946283266488,0.24901769111847716
1366,0.2704757170948042,-0.2876376600509185
1367,1.907329660051843,0.40042550773899105
1368,0.574401020822891,0.8372303174623765
1369,0.24402813563365353,-0.14699180824505442
1370,0.9413657891877922,-0.48209413701008036
1371,0.3673584241026703,-0.16282691953095485
1372,-0.06117323570148958,0.9906546899457276
1373,1.0743612466102423,-0.5248844983816078
1374,0.1461024420102859,0.08491433850853615
1375,0.9307502101007565,-0.449800572067555
1376,0.5547558912999991,-0.41147578606266155
1377,0.9233281990411232,0.35476415820932095
1378,-0.30190073661913774,0.8672451663513397
1379,0.8614592002408923,0.38447954812366103
1380,0.3211410151432273,-0.22883868618894204
1381,-0.4585881807068097,0.8890653814490289
1382,0.3438209633190399,-0.2226501245182479
1383,2.084388125913188,0.25090299343990785
1384,-0.08647317709299615,0.9734159515131459
1385,-0.5669346824029013,0.7457702974955206
1386,-0.475608085415717,0.8431780974460079
1387,-1.0134026533130795,0.02012173225665443
1388,-0.8535138616341114,0.28746137766623153
1389,0.6622844408584355,0.7216620133990789
1390,-0.05212817230880243,0.32655825708768077
1391,1.5497537305029119,-0.28712874401354316
1392,1.7888434977793939,-0.04682985229034578
1393,-0.9584140218487811,0.38925506821984457
1394,1.8813079648828372,-0.015657576859367445
1395,0.8357731280118159,-0.44609432206272276
1396,1.0069918869269865,0.12820213950347084
1397,0.7983041217071868,0.5833653559482792
1398,0.9046377729322719,0.5191845973324769
1399,1.393258608513024,-0.37263345695263483
1400,-1.07513749725637,0.25449526181905546
1401,0.6689465131471873,0.7391648173174744
1402,0.4285734243922292,0.8544800447578458
1403,0.7547070576847015,0.7442733903455195
1404,0.4007675873794669,0.9466076771469474
1405,0.8428260832613157,0.5630579408438376
1406,0.27191823960506645,-0.04785157991590773
1407,-0.24815988034178796,0.913697101692125
1408,-0.15608986900935332,0.9928941555826648
1409,0.3435910221591176,-0.22370594043445102
1410,0.874435400673342,-0.4282935801680062
1411,1.0067384211110424,-0.44751465183472555
1412,0.1300903198754268,0.03237023714650236
1413,-0.26178945995771163,1.009218745374627
1414,1.9295710019544088,0.5162719134962761
1415,0.8393286897043631,0.5531900362828337
1416,0.9864843083361929,0.21614953201956488
1417,0.6629700437782713,0.7444028143893687
1418,0.9312830001007166,-0.5126347820418091
1419,-0.9654905689745913,-0.012828399143660574
1420,0.9241538233997906,0.3026784363491146
1421,0.9270774518103735,-0.5637426988982168
1422,1.977080315457089,0.17172802183539895
1423,-0.7865610494218683,0.5144549191723136
1424,0.8773355983231587,-0.49496554681155636
1425,-0.4835630510562424,0.8149245790351867
1426,-0.06326256693992204,0.39908773558521016
1427,1.8558081341322106,-0.2137530023020307
1428,-0.641930108962731,0.7641586563072502
1429,1.8974747438245878,0.09404262007861768
1430,0.5544160136733006,-0.45252210138587495
1431,0.06699212632457259,0.9552257084140348
1432,0.19363369213803922,0.9987694210181725
1433,0.9120166688145603,0.024870037536348658
1434,1.6495875038990102,-0.27885923885765046
1435,0.4577685155637985,0.8349778044600058
1436,-0.7705910758923703,0.5813831009607525
1437,1.336994962420863,-0.43635713995565956
1438,0.037755779125850236,0.9679845990139351
1439,0.4352984577352792,0.9117673628756489
1440,-0.9346135685598513,0.09857832644830655
1441,0.5395837495339694,-0.3516374352461224
1442,0.6984789030951167,0.6444915430575573
1443,-0.34902611267612044,1.0447136083659636
1444,1.0321090109514797,0.07129884702110585
1445,-0.3390459928959976,0.8911903427577409
1446,1.2620179904511168,-0.4763603263326195
1447,0.993328571088999,0.24691732408287886
1448,1.8241115314490453,-0.11139254557717237
1449,0.9204350125126465,-0.5359192968088692
1450,1.9648979921636018,0.26640960397272034
1451,0.7671027370737926,0.6731120781574457
1452,-0.6849122188785731,0.6366492999081836
1453,1.537646877771318,-0.2988811341370166
1454,-0.42016937404873317,0.8540031357210719
1455,1.5250588982698636,-0.2986505153816325
1456,-0.245003427254576,1.024474513395048
1457,0.7680737827824693,-0.3060268443914834
1458,-0.4154865517116646,0.8631329309832286
1459,-0.013399423934333535,0.3066463911107092
1460,0.020610064820310088,0.3050502850641478
1461,-0.7209617485190167,0.698717684298187
1462,1.9749451722888178,0.4125217273464078
1463,2.0492880483287927,0.3247990337943819
1464,1.7797375320742719,-0.10586131908454355
1465,1.2031091314428763,-0.45565363364092604
1466,0.9741286705676716,0.22776502286069616
1467,0.6011816691376399,0.869658804617391
1468,-0.7918763580704611,0.6233124407197451
1469,0.11250137647158885,0.9804739193828408
1470,0.9294470165413543,-0.400929066375623
1471,0.17999916479104128,0.9786673975313814
1472,-0.8248092968845878,0.4614152654185404
1473,0.07356138168549016,0.17594768145274453
1474,0.16095828633129652,0.037732673255948104
1475,0.12855951430115975,1.0163991196858209
1476,0.03321168488500173,1.0134074347833968
1477,1.0545595339658393,0.08395310787657821
1478,1.2731001818918066,-0.4702746214470628
1479,0.34950332331082834,-0.25656644637782355
1480,1.2219472012469177,-0.41673262685583146
1481,1.8719542329444456,0.2239608111380742
1482,-0.5579192399500894,0.7572053246653088
1483,0.4905399711306783,-0.281308652824454
1484,1.921682796392822,0.05483412996889939
1485,2.0099485437337434,0.31847989100107765
1486,-0.7169092759659668,0.5568898377151726
1487,-0.8908763235250321,0.5990310194231458
1488,-0.6086024520387892,0.7689131126877427
1489,-0.9083592043287706,0.01629433744287365
1490,-0.27934383827772896,0.8407885693432409
1491,0.6763875039073826,0.6365166826862665
1492,2.0739822176579934,0.3765062326556242
1493,0.9759580046715279,0.21171899790852677
1494,0.3786600614916183,0.8511535587003671
1495,-0.92555996588808,0.4285926240180474
1496,-0.6359789604164255,0.8095105738038237
1497,0.207750385777198,0.9419085832200056
1498,0.7480003582879083,0.6918832462545664
1499,0.13076046818496606,-0.006463751795505655
1500,-0.26419801295752393,0.9838930766859599
1501,0.1513198032497615,-0.1653802076501418
1502,1.7856339609963798,-0.036044955918532996
1503,0.5854590449449716,-0.3779047761397319
1504,0.5931552242264967,0.8363506943202201
1505,1.9618630649156628,0.44071137510420094
1506,0.6216189585360872,-0.3886246448500762
1507,1.8243778357044718,-0.057901233074144805
1508,0.2997951098202591,-0.0843520762268473
1509,-0.7344341828743493,0.6999258178482611
1510,1.4436890822871133,-0.3859143853217092
1511,0.6387176116021261,-0.41630440739508795
1512,1.0401481803446977,0.15767111768837988
1513,0.7318948284458493,0.7648936531812984
1514,1.8900218082783984,0.17100338918585536
1515,0.32057937135827097,-0.3601816563176006
1516,-0.9709401564048906,0.15939713340090986
1517,0.1921904044446233,1.0357185051521651
1518,0.9884814408765664,0.34254905422704646
1519,0.38766767700289884,-0.24659207985173603
1520,0.8250922003303779,0.584439365171562
1521,1.1716225804724592,-0.46766563038495634
1522,1.1322507431285853,-0.5291011550007694
1523,1.6865318620726097,-0.21791667751172064
1524,1.5266010224561444,-0.37561704960611375
1525,2.0227229677852576,0.25163207959567513
1526,0.35896691823314025,-0.30853862653390784
1527,0.19581608812983414,0.02424644425590309
1528,0.5848436503817256,0.7677451834177529
1529,0.3330176971325292,1.0011670533425892
1530,0.36039324492238645,0.8607415348230946
1531,0.15171153221753955,-0.04302119252559197
1532,1.1629604087085839,-0.5351384531465697
1533,0.12794102027343518,1.047729219648563
1534,-0.16916084205490442,1.033598589237652
1535,0.9834299763812923,0.19087622381086003
1536,0.3578380877280009,1.0235195749207022
1537,0.10277493573077748,0.053538931761725334
1538,0.3671396310383631,-0.2687758335291466
1539,0.6526539508502242,0.7728548597972926
1540,0.9035149507397745,0.5000215862253887
1541,-0.3667688802943618,0.9852157832134693
1542,0.4589036502047802,-0.3568698975991642
1543,-0.3926359165643445,0.8377642241604999
1544,0.1705989022628343,-0.01112211035951513
1545,0.45701439190298365,0.8399111105344848
1546,-0.012551815807818861,0.15359576730135294
1547,1.589928366297554,-0.3477840095806492
1548,-0.11513424001411186,1.0189138431691607
1549,1.822109590354756,-0.07300058394936443
1550,-0.29057699446301194,0.9891251924158911
1551,0.6791693600262345,0.7312680806177327
1552,2.012259765281402,0.27395117571459
1553,-0.8143864793587599,0.6357635737022496
1554,0.6758589963626199,-0.49675888572416044
1555,-0.7251301558644676,0.6391793097087786
1556,0.9636627979249918,-0.5060533029006403
1557,0.24894153781827166,-0.03611070302091619
1558,0.12580152809676096,-0.03695985528231424
1559,1.1441557533398052,-0.4721420749655332
1560,0.12228058525741764,-0.10106636129591633
1561,1.6059082901853778,-0.3194308242807617
1562,0.924053834821515,-0.5461065650193778
1563,0.6027080169290663,0.7286817989210332
1564,-0.40921773859827537,0.9365696693082967
1565,0.9492514905622713,-0.5345511412719459
1566,-0.06094371258421791,0.4031149222419321
1567,-0.8103219787349044,0.6439074135535138
1568,-1.022964763435828,0.06261012312823858
1569,1.003548652208501,-0.4651877938990684
1570,0.4761306098893164,-0.4123931053591371
1571,-0.9600622213620456,0.23524432027054387
1572,0.6632901143695181,0.6739197831125859
1573,-0.9326016207303343,0.19341867652536668
1574,0.8126220115171852,-0.39155205362955686
1575,0.09342459547963652,0.19623496677042673
1576,-0.0008994593715263705,0.04080451739923779
1577,2.061663929405806,0.42140046038513523
1578,1.1563214717503758,0.09685144303298429
1579,-0.6815908785822903,0.7183169004145414
1580,0.09458842873871107,-0.051666575149154015
1581,1.9529621828228692,0.24991433529484594
1582,-0.8285338281807539,0.5557526559114283
1583,0.6855601436208044,0.7190459608501116
1584,0.8856086074751996,0.37961661267553465
1585,2.0297365292038316,0.17843742867986098
1586,0.8869906807181183,0.33203619603122575
1587,0.578686623798126,0.732013941834221
1588,0.37085426882324846,-0.4045414699991998
1589,1.7856644699166142,0.028118361053549812
1590,0.32607442150950794,-0.37731952244589656
1591,-1.0723878740148782,0.05073550066834005
1592,1.1084499438762219,-0.4583927881479305
1593,-0.28638141781786175,0.9240456445182936
1594,0.2073196347776288,-0.1324745911494234
1595,0.2147720266776355,0.9623904114826024
1596,-0.6832518244450757,0.7015321370721108
1597,1.921542155509335,0.3022337591122908
1598,0.9957919494313335,0.027652936098982187
1599,-0.43226389093277595,0.8279243149104257
1600,1.291627160775977,-0.49784390117350774
1601,1.8000053889903191,-0.06619890567371038
1602,1.8942103162398847,0.2746662912555664
1603,-0.9612316798501124,0.15424476789922606
1604,0.7801265037324664,0.5060909542979892
1605,0.44818366130122334,-0.3275578209721911
1606,0.8409751098666264,0.6332965505031587
1607,-0.013300333774578621,0.1995485015719061
1608,-0.07110501933463244,0.22610513645040478
1609,0.1744084041915411,1.0500916319498574
1610,-0.6654103112153591,0.7245963283181686
1611,0.8106726072436373,0.5101040812239906
1612,-0.5716455320881869,0.8057114906203726
1613,1.8318101816281573,-0.030448037932951526
1614,0.9248525681893851,0.3400452142584241
1615,0.055554947879382637,0.32230522614582213
1616,1.0610520708323155,0.2814456915466309
1617,0.6135411679895026,-0.436364225435507
1618,0.9677398390949231,0.15177297731602268
1619,1.9012437698513767,0.06657691912191965
1620,0.744421202846871,0.657509350211976
1621,0.19264516207268145,0.9384403401910124
1622,0.18267229782113006,-0.16742947758290283
1623,1.4152015766256028,-0.46706895317649794
1624,-0.31463725831954437,0.9196565739307191
1625,0.2906488974033089,-0.22045647642663413
1626,0.6463600688062193,-0.27328319242642257
1627,0.9188937714533693,-0.4272369509577964
1628,0.47762818639240207,0.9143269928647347
1629,0.25063814260307765,0.9418102343941487
1630,-0.019514536938754705,0.44245839356288436
1631,-0.5912095643914134,0.6580839257629888
1632,0.2613066285755673,-0.0842155562314019
1633,-0.05717239785388412,1.0275121240245626
1634,-0.39584941761517567,0.9470064783529972
1635,0.002474984454863164,1.0342168230555686
1636,1.9265116729594987,0.48097335293919324
1637,-0.5923387342023618,0.786253938938513
1638,1.36301548860412,-0.4365250240770165
1639,0.07177843046299173,0.006588532960112303
1640,0.5760407888108302,-0.39238592360840463
1641,0.053859548141852745,0.9718732862994033
1642,0.6291189862400057,0.8044482002461666
1643,1.1338355779319902,-0.47941518324441795
1644,0.0406927440030813,1.0466278655267163
1645,0.0016064201719396612,0.2595910113725123
1646,1.6855236703233958,-0.16202932133103382
1647,-0.06517025098597784,0.23220997529923654
1648,0.9148691662590959,0.2270376454533965
1649,0.702217004172456,-0.47214059381402584
1650,0.8727559741254757,0.17186181259069294
1651,0.30844772503847767,0.8873922432050035
1652,1.7346043438968424,0.024509361313714464
1653,-0.11642069530088366,0.9085690126917132
1654,0.029521296790316093,0.17032271751057187
1655,-0.262607871400751,0.9294210169165823
1656,0.5137687395774548,0.8769967576657821
1657,0.5789544828275422,-0.3365515523437933
1658,-0.8566778434350629,0.4512357551623801
1659,0.7254684018318178,-0.4130426620861366
1660,0.48677844633027595,0.8382059998110304
1661,-0.11036583266669922,0.9496608068157326
1662,1.0050104623922107,0.17424339155114654
1663,0.21990141880372713,-0.19510745057075718
1664,-0.747080115407316,0.5415934102940518
1665,1.4235595038576982,-0.3492108431935181
1666,1.661257978306954,-0.19553537610174918
1667,1.7253125699009018,-0.12536932414507496
1668,1.4303973857317083,-0.33963018662404965
1669,0.052172926867898865,0.33282967634096305
1670,0.9762535406519306,0.1408043791982004
1671,0.1586886675279701,1.0920131136379383
1672,1.1186710162637732,-0.4587765785857638
1673,0.06125093999470318,0.1806858932550374
1674,1.0262701063121504,0.03398105446400677
1675,0.38374601371038913,0.9159130203935941
1676,0.4783434192519687,-0.42254893316361675
1677,1.0257237176054141,0.18308774147415818
1678,-0.5755348224223956,0.7204539251605131
1679,0.30597793422347225,-0.16284313286450822
1680,-0.9074590128830943,0.5125593438511993
1681,1.279339295275269,-0.4856421773750002
1682,0.5857191000904515,0.7906269569371216
1683,-0.8942121330842617,0.39793724009656106
1684,0.48658223954999497,-0.33246100363618086
1685,1.6847659607697356,-0.3134056418971538
1686,0.0015815188609340212,0.4883084906433911
1687,0.8468883423343879,0.4544347115547215
1688,-0.6193682408402481,0.8319777350711092
1689,1.541491486826367,-0.33609728184509446
1690,0.35636686497854514,-0.23355534229027658
1691,0.8696697905615287,0.41544576487135915
1692,1.7604997119850327,0.09506725253065354
1693,0.37697148307671574,-0.3556143209806536
1694,0.9803290841107298,0.36246700854477676
1695,-0.31222360914532943,0.9096929028593739
1696,1.3340588233056552,-0.4559967801043201
1697,0.9955078273561682,0.3300923478329532
1698,0.06723055300375999,0.06084028011474782
1699,0.3875567466616425,-0.24227423736686346
1700,0.29036712997105235,0.9430808972395716
1701,0.999489421756489,0.36099762605922653
1702,0.19752520059971257,0.9940774612681111
1703,0.24550738806590575,-0.09195283531371423
1704,0.02299025882794231,0.9614171762983162
1705,-0.3579592892686827,0.9270659624402174
1706,1.9784191700610523,0.48451806463287694
1707,0.9444099765591736,0.1531870481236307
1708,1.529443647560937,-0.25788654313717274
1709,0.3603902936995381,-0.2251120468125189
1710,1.9320699470565175,0.2094543372308858
1711,1.0130384075804173,0.2998639967968409
1712,0.9810201611291947,0.40896573151152066
1713,-0.5916234766894548,0.8923675789067677
1714,0.5480075405757232,0.873644538232068
1715,0.11620571706176808,0.023901117168596248
1716,1.25064412492496,-0.4923175106818351
1717,1.510016920857853,-0.4334526015183764
1718,0.47411626264317247,0.8567948668622701
1719,-0.5430049905375255,0.7981513505153107
1720,-0.10273834059815577,0.518783330650369
1721,-1.0062372088918543,0.4137185460538757
1722,-0.4823451283678951,0.7094925353486965
1723,-0.7326997134863581,0.6181429270580312
1724,-0.33737933033198453,0.8873805033748612
1725,-0.6572422724134047,0.7507016132071248
1726,0.07370269346508622,1.0587380894432015
1727,-0.8887598920370079,0.2519084412595091
1728,0.43838496255146103,0.9289803540422867
1729,-0.9284100410316165,0.18834607587387986
1730,0.25665257615671233,-0.1590544760188294
1731,-1.0238887026911134,0.10959829250382595
1732,-1.0894227811181396,0.023564909090053876
1733,2.0279395530629256,0.48316142779484844
1734,0.7372921005480145,0.6312167396703726
1735,0.8776279172777304,0.4204174079878376
1736,-0.042729178880445404,0.19261337428257916
1737,-0.9641062879857776,0.41172969115622404
1738,0.6834956531380894,-0.4184536169693324
1739,-0.7921319918585196,0.568199215058425
1740,0.25060948062053356,-0.22221140141066384
1741,-0.06391366314354056,1.0027950269280108
1742,2.0573088070246532,0.30416144126250794
1743,0.6151066746663026,-0.399369064587658
1744,0.04677145121470808,0.16814381441007833
1745,0.22152359063642504,0.9578522002631176
1746,-0.7239162330130053,0.7623207048711939
1747,0.9245737250548005,0.10299744743494026
1748,-0.36993566701623504,0.9157049486317923
1749,-0.48730775647887925,0.8643650027211255
1750,-0.01056942680381735,0.9768377768426642
1751,1.921977179324853,0.06776689571342635
1752,1.1309238833141875,-0.45411258502234536
1753,1.9872566207838425,0.13455907247644172
1754,0.7289409440452581,-0.4633687603257606
1755,0.9605579212235934,0.10051886117113544
1756,-0.575116445990804,0.8964858892541083
1757,1.0684784097038296,0.07158124104995756
1758,0.8013173930970788,0.5076214090952497
1759,-0.5541916838949543,0.8611169467878667
1760,-0.7018640057783121,0.805218954407381
1761,1.110588312827499,-0.49161205598289204
1762,-0.6485369964492058,0.7141759370376997
1763,1.801283167200856,-0.0035412154850331667
1764,1.6458018633066653,-0.3147989841677613
1765,0.8416798820376699,0.4055379532171311
1766,0.6997568889288841,0.6654203685993835
1767,-0.9416505705182812,0.0770017453664229
1768,1.843445622963838,0.07195413134716308
1769,0.0009020329950798204,0.5332223723628775
1770,-0.13400855024617642,0.9866007860901765
1771,-0.4579381336487145,0.8932401576099218
1772,-0.008667715893608817,1.1140785503295356
1773,0.9271411785855358,-0.5496496950205997
1774,-1.05780746237787,0.13862667506065127
1775,0.6049590491440286,0.918973444555398
1776,1.8260287679683878,-0.04784760669402521
1777,-0.7434921227131739,0.6970500116083831
1778,-0.009371380964202314,0.3674140985221135
1779,1.839286435954276,-0.03368926320094868
1780,-0.6004959500378334,0.8406430925629621
1781,0.06647697974130842,0.35346539166087976
1782,0.9760699043621415,0.3111772990873524
1783,-0.8647632853142732,0.6500063595437251
1784,-0.5732213093927189,0.7916595190579481
1785,0.04472198860077061,0.4306917817032217
1786,1.86385904115519,0.028417374423250236
1787,0.7746661547454268,0.5208714663630476
1788,0.5572871201106426,-0.4127673019859086
1789,1.7761247877594772,-0.06571174731928436
1790,-1.0103742333276156,0.2869061654598068
1791,0.18031532128459268,1.0025733568569966
1792,0.8434702762818187,0.39193356663342155
1793,0.3961212163522831,0.9946683645956305
1794,-0.4031408430735786,0.8727035018511132
1795,0.0748135520706463,0.1534803240288381
1796,-0.01624188441811822,1.021684579853005
1797,1.8919939420495964,-0.028064606967644505
1798,0.2818645988572245,-0.1889927897382096
1799,1.05817170035694,0.12796214884086743
1800,-0.5633542555216197,0.8503882799113064
1801,0.06275626842034868,0.3951598951541063
1802,0.9619691763503604,0.04268358612244451
1803,1.0309823906967321,-0.4485187404013304
1804,1.501163741970168,-0.3834007781203009
1805,-1.07458724877837,0.16884644208271415
1806,-1.0254779988101859,0.3240179425604586
1807,0.9288663723569919,0.21337226008961413
1808,0.7910363038346505,0.515765361772267
1809,0.9216051079478805,-0.5306869370274105
1810,-0.8498654320204169,0.559617934043629
1811,-0.7904649949827465,0.506655231895892
1812,1.7837562813310177,-0.05853686387120371
1813,0.2707977606466697,0.932984646914665
1814,-0.8716757917943506,0.5309430777068678
1815,1.0392754768782237,-0.5179112355350369
1816,0.8064985577557938,-0.4650822825144702
1817,0.07659610752304599,0.3437675689106041
1818,-0.8947487830926558,0.09100902820410674
1819,0.18137292941006916,-0.11536364514057995
1820,-0.9167646642758676,0.5084340693643089
1821,0.35553746618140375,0.8661804245553357
1822,1.9767943013710276,0.23293141956074834
1823,0.6937277258361265,0.7080416458827048
1824,0.3700439432455403,-0.24859885471834298
1825,1.9441349051830836,0.48123564940295555
1826,-0.9334384293000951,0.3422049430326022
1827,0.031068245728439345,0.9693694349783626
1828,-0.515371894133809,0.9245953990516481
1829,1.2533930075113957,-0.4583129591323928
1830,1.9730180259855226,0.38564853984432845
1831,1.210468797066012,-0.45959908038362685
1832,0.08402294263843604,1.0185601280188261
1833,0.503140259173449,0.8959983373468711
1834,1.9582826526184263,0.14995535017286352
1835,0.4059877094535843,-0.23271232917489182
1836,1.5315198606436102,-0.46469793751342203
1837,1.495692732495619,-0.30897378700957673
1838,0.26013235059895773,-0.13475634045996282
1839,1.7488899606978712,-0.13051318676035467
1840,0.6553951724279699,-0.4059995352418383
1841,1.0029580762775023,-0.001651312879600797
1842,0.4896304066702668,-0.3756602195909211
1843,0.7920682003574246,0.5921009521995879
1844,0.44372917822976415,0.815812121163346
1845,0.1065384256508066,0.023154360837754514
1846,-0.15643413524137736,1.0372699154104807
1847,0.07483920867138139,1.0466407825032964
1848,-1.0318723726712562,0.22814348200787357
1849,1.726357660401453,-0.13196993222491943
1850,0.4727740004500116,-0.4037714076873784
1851,-0.5900315572704359,0.8289560212202011
1852,-0.02607141632539206,0.5248323019161779
1853,0.2001628783554914,0.9667466748327955
1854,0.13962640566565668,0.024762445125136884
1855,1.474980036895095,-0.23949041555906597
1856,1.666804062795026,-0.16754188390325808
1857,2.017044932133766,0.43891580768826405
1858,0.33655588152110844,0.9013028399623509
1859,1.839137619395906,-0.07814334663215293
1860,1.9798688833670675,0.4161716345807478
1861,0.45544917077443137,-0.38449772970049834
1862,0.701180020070034,-0.38700012541424106
1863,0.28916165631036267,-0.21756564599164852
1864,1.957825152620303,0.26600963995536153
1865,0.20486081184575317,-0.025507228979544008
1866,1.6893774258287655,-0.06111084091402589
1867,1.9665776854677464,0.4934847448934333
1868,-0.3790047544909724,0.8448495688406559
1869,2.0018202671683447,0.14682797057640856
1870,1.3924777384603808,-0.2619767402352551
1871,0.21032737224937703,0.8793717327076688
1872,-0.0010564455311611598,1.04339036863998
1873,0.07359621263388114,0.29791651779324146
1874,0.5995659466593607,0.7479363544477021
1875,-0.6033442047943143,0.7985100075674861
1876,0.3119831774356548,-0.2069380135739525
1877,0.6632269364629708,0.8493289292366241
1878,-1.0857166147890296,0.010445598383117725
1879,1.477049472256385,-0.4040146420630055
1880,0.7186048597178887,0.6061706200920555
1881,1.7785979485549404,-0.0686100447894713
1882,-1.046827428179231,0.23461879493384555
1883,0.3330621867028589,0.8896688453049348
1884,-1.0042317406460746,0.2716212876254186
1885,1.2989489232360318,-0.45065817277749504
1886,1.238257752151552,-0.4612270403220931
1887,1.1574726458611,-0.4547267893504242
1888,1.968097685807399,0.13594505031276324
1889,1.7820473428123202,-0.12560175830682146
1890,-0.7621904332374785,0.6653845082703534
1891,0.22821400813333173,-0.2613008361312579
1892,1.7389556186310953,0.043317170803743976
1893,-1.0069822529874972,0.06863676131356515
1894,1.8071477109601146,-0.03789129460230486
1895,-1.0261130069472728,-0.00627584181610367
1896,1.9807104156445312,0.3143537897992727
1897,0.13947250931659122,0.10593568137016468
1898,0.30190022848175296,-0.21178935537489474
1899,1.665355016247535,-0.271740262981011
1900,-0.34433573347278923,0.8986878682527476
1901,-0.8632708711827911,0.36561848556978277
1902,-0.09613205592105097,1.05534632958315
1903,0.05817499749927412,0.14351215822682437
1904,0.1269268454976854,-0.07622211216656606
1905,1.9590129538642715,-0.030898723025312005
1906,0.8986052670289144,-0.48995110149166154
1907,-0.7842799079273288,0.7148316831308867
1908,0.11845349230041652,-0.06146604001295983
1909,-0.15424066407540954,0.9803022750625804
1910,1.1109139930520087,-0.5218577542802867
1911,-0.5333157291796681,0.6684247318607139
1912,0.6010014270640777,-0.3999419130161348
1913,-0.8351814395818888,0.5692375885778516
1914,1.6083607292689943,-0.33635234944555403
1915,0.06007798456844031,0.9858127161766531
1916,0.06853022913224611,0.9800435911747531
1917,1.7313905521770308,-0.22626125685758083
1918,-0.05915494626081013,0.9459947628507128
1919,0.9458132198938747,-0.48529144933967794
1920,0.7904235468011472,-0.4080678060122433
1921,0.04542026819291959,0.337978656977508
1922,-0.4763185488912078,1.0052919204168949
1923,0.6276434608323036,0.8176512186202145
1924,-0.08067520830900377,0.9895471053161489
1925,-0.3827402921507082,0.9302341143981023
1926,0.20230614846654105,0.9843805378433219
1927,1.2127227629446309,-0.5793373546699239
1928,1.9743046398269446,0.3609088553633137
1929,1.895835833451406,0.017600594694864954
1930,0.15598195544843466,-0.02901284893518847
1931,1.419780690776094,-0.29626912577156683
1932,-0.6917990087125278,0.7386222762683646
1933,0.25544083212646385,-0.14796422429716397
1934,2.0287835867599324,0.4888811423770974
1935,1.9770196668863813,0.31645549804290657
1936,0.8373439961776776,0.422896843997124
1937,0.4654095079948184,0.8552045585006242
1938,-1.036329295397674,0.3855800081640648
1939,-0.712370512079248,0.5520907602217069
1940,0.5859621324523343,-0.4078228018814789
1941,-0.1405137682067095,0.9453314547234268
1942,-0.15743215252339457,0.9796242036550812
1943,-0.8832867387472465,0.507487937886946
1944,-0.9654967099468933,0.41687044309983273
1945,0.9333204088185953,0.06450475794762964
1946,0.8621196409229778,-0.4840771860940893
1947,0.02218911826668574,0.3432460995554115
1948,1.8363573984416282,-0.07647463483980824
1949,0.21687190182875377,0.9929937364598989
1950,1.8316946203583466,0.06359780209959429
1951,0.5040685358548416,-0.42284535793073835
1952,-0.04140885077879494,1.0054199453233346
1953,1.0030278242547748,0.07765579742000678
1954,1.7327841653682827,-0.07358424731743574
1955,1.1686486414403126,-0.3878944773307016
1956,1.6048027821616044,-0.2046349613943066
1957,-0.9353818956909562,0.48398761760227804
1958,1.8247666731815078,-0.14844427564379792
1959,-0.80335636229629,0.7136972533609368
1960,-0.7814398177460535,0.5183180507258645
1961,1.5915089799124194,-0.2766470195084765
1962,1.0514517196405675,-0.5026998219146386
1963,0.9731612669936848,0.4426557834672888
1964,-0.4722808582848911,0.8098814310743851
1965,-0.23676149956839887,1.082080127585304
1966,0.06814607549807002,0.07002686122965417
1967,0.5192212578995592,-0.28391900271671044
1968,0.3023281545392462,-0.17025951674832965
1969,1.9380420898171997,0.22383159559825452
1970,0.30201020521765665,0.8862269187352905
1971,-0.8814709913099098,0.4786622318126499
1972,0.5813974697151693,0.7604002007363381
1973,1.9860118968199765,0.24619721043964013
1974,-0.12825814483428832,0.3146606913235399
1975,0.06755917271407406,0.16591909749038594
1976,0.061510930524159624,0.1489651257621248
1977,0.14800881603060329,0.12463682377406148
1978,-1.0820000761118505,0.07496533688515354
1979,1.9446268024699074,0.5051700917320432
1980,-0.1942673436715009,0.9612860208183508
1981,0.09716976919667311,0.9636907466138422
1982,0.7691964700931218,-0.49929357850569017
1983,-0.7482101650545809,0.5610516335678599
1984,1.916459348028507,0.10531402013729418
1985,0.8145535941530956,-0.3953839084293134
1986,-0.38077501191911894,0.9642830400856871
1987,-0.9094259265542372,0.33573042033306505
1988,1.8569868638050773,-0.013181499386983472
1989,1.0178009457290216,-0.4629239072171363
1990,-0.26782405117913,0.9356955213652371
1991,1.8909186332488834,0.25734831213531895
1992,-0.13357205350310652,0.9980729286200843
1993,0.31352370170428,0.9791891232695417
1994,-0.9932227486369763,-0.012483317395218966
1995,-1.0283118390406047,0.254105112611086
1996,1.780446504990775,-0.15553637250147928
1997,-0.715308862963549,0.7016045034448709
1998,-0.0697762735296607,0.37152975250415704
1999,-0.9336089430489658,0.25521260594807593
